Student_Id;Rater_Name;query1_query_rel;query2_query_rel;query3_query_rel;query4_query_rel;query5_query_rel;query6_query_rel;arg1_src_rel;arg2_src_rel;arg3_src_rel;arg4_src_rel;arg5_src_rel;arg6_src_rel;arg7_src_rel;arg8_src_rel;arg9_src_rel;arg10_src_rel;arg11_src_rel;arg12_src_rel;arg13_src_rel;arg14_src_rel;arg1_src_aut;arg2_src_aut;arg3_src_aut;arg4_src_aut;arg5_src_aut;arg6_src_aut;arg7_src_aut;arg8_src_aut;arg9_src_aut;arg10_src_aut;arg11_src_aut;arg12_src_aut;arg13_src_aut;arg14_src_aut;arg1_src_comp;arg2_src_comp;arg3_src_comp;arg4_src_comp;arg5_src_comp;arg6_src_comp;arg7_src_comp;arg8_src_comp;arg9_src_comp;arg10_src_comp;arg11_src_comp;arg12_src_comp;arg13_src_comp;arg14_src_comp;arg1_src_act;arg2_src_act;arg3_src_act;arg4_src_act;arg5_src_act;arg6_src_act;arg7_src_act;arg8_src_act;arg9_src_act;arg10_src_act;arg11_src_act;arg12_src_act;arg13_src_act;arg14_src_act;arg1_arg_form;arg2_arg_form;arg3_arg_form;arg4_arg_form;arg5_arg_form;arg6_arg_form;arg7_arg_form;arg8_arg_form;arg9_arg_form;arg10_arg_form;arg11_arg_form;arg12_arg_form;arg13_arg_form;arg14_arg_form;arg1_arg_pc;arg2_arg_pc;arg3_arg_pc;arg4_arg_pc;arg5_arg_pc;arg6_arg_pc;arg7_arg_pc;arg8_arg_pc;arg9_arg_pc;arg10_arg_pc;arg11_arg_pc;arg12_arg_pc;arg13_arg_pc;arg14_arg_pc;arg1_arg_cont_form;arg2_arg_cont_form;arg3_arg_cont_form;arg4_arg_cont_form;arg5_arg_cont_form;arg6_arg_cont_form;arg7_arg_cont_form;arg8_arg_cont_form;arg9_arg_cont_form;arg10_arg_cont_form;arg11_arg_cont_form;arg12_arg_cont_form;arg13_arg_cont_form;arg14_arg_cont_form;arg1_arg_cont_txt;arg2_arg_cont_txt;arg3_arg_cont_txt;arg4_arg_cont_txt;arg5_arg_cont_txt;arg6_arg_cont_txt;arg7_arg_cont_txt;arg8_arg_cont_txt;arg9_arg_cont_txt;arg10_arg_cont_txt;arg11_arg_cont_txt;arg12_arg_cont_txt;arg13_arg_cont_txt;arg14_arg_cont_txt;essay_pos_form;essay_pos_arg;essay_pos_err;essay_src1_rel;essay_src2_rel;essay_src1_aut;essay_src2_aut;essay_src1_comp;essay_src2_comp;essay_src1_act;essay_src2_act;arg_cont_num;query;source;pro/contra;essay;sum_points
М201БФИЗ053;А;0.0;;;;;;0.0;;;;;;;;;;;;;;0.0;;;;;;;;;;;;;;0.0;;;;;;;;;;;;;;0.0;;;;;;;;;;;;;;0.0;;;;;;;;;;;;;;1.0;;;;;;;;;;;;;;1.0;;;;;;;;;;;;;;;;;;;;;;;;;;;;1.0;0.0;1.0;0.0;;0.0;;0.0;;0.0;;1.0;0.0;0.0;0.0;0.0;0.0
М211ББИИН004;А;1.0;;;;;;1.0;;;;;;;;;;;;;;1.0;;;;;;;;;;;;;;1.0;;;;;;;;;;;;;;1.0;;;;;;;;;;;;;;0.0;;;;;;;;;;;;;;1.0;;;;;;;;;;;;;;1.0;;;;;;;;;;;;;;;;;;;;;;;;;;;;1.0;1.0;1.0;;;;;;;;;1.0;1.0;1.0;1.0;2.0;5.0
М211ББИИН005;А;1.0;;;;;;1.0;;;;;;;;;;;;;;0.0;;;;;;;;;;;;;;0.0;;;;;;;;;;;;;;1.0;;;;;;;;;;;;;;0.0;;;;;;;;;;;;;;1.0;;;;;;;;;;;;;;1.0;;;;;;;;;;;;;;;;;;;;;;;;;;;;1.0;1.0;1.0;;;;;;;;;1.0;1.0;1.0;1.0;2.0;5.0
М211ББИИН007;А;1.0;1.0;;;;;1.0;;;;;;;;;;;;;;1.0;;;;;;;;;;;;;;1.0;;;;;;;;;;;;;;1.0;;;;;;;;;;;;;;1.0;1.0;;;;;;;;;;;;;1.0;1.0;;;;;;;;;;;;;1.0;1.0;;;;;;;;;;;;;;;;;;;;;;;;;;;1.0;1.0;0.0;1.0;;1.0;;;;1.0;;1.0;2.0;1.0;2.0;0.0;5.0
М211ББИИН008;А;1.0;1.0;;;;;1.0;1.0;1.0;;;;;;;;;;;;1.0;1.0;0.0;;;;;;;;;;;;1.0;;0.0;;;;;;;;;;;;1.0;1.0;1.0;;;;;;;;;;;;0.0;0.0;0.0;;;;;;;;;;;;1.0;0.0;0.0;;;;;;;;;;;;1.0;0.0;0.0;;;;;;;;;;;;;;;;;;;;;;;;;;1.0;1.0;1.0;;;;;;;;;1.0;2.0;1.0;1.0;2.0;6.0
М211ББИИН009;А;1.0;;;;;;1.0;;;;;;;;;;;;;;2.0;;;;;;;;;;;;;;2.0;;;;;;;;;;;;;;1.0;;;;;;;;;;;;;;0.0;;;;;;;;;;;;;;0.0;;;;;;;;;;;;;;0.0;;;;;;;;;;;;;;;;;;;;;;;;;;;;1.0;1.0;0.0;;;;;;;;;0.0;1.0;1.0;1.0;0.0;3.0
М211ББИИН010;А;0.0;;;;;;1.0;;;;;;;;;;;;;;0.0;;;;;;;;;;;;;;0.0;;;;;;;;;;;;;;1.0;;;;;;;;;;;;;;0.0;;;;;;;;;;;;;;0.0;;;;;;;;;;;;;;0.0;;;;;;;;;;;;;;;;;;;;;;;;;;;;0.0;0.0;0.0;;;;;;;;;0.0;0.0;1.0;1.0;0.0;2.0
М211ББИИН012;А;1.0;;;;;;0.0;1.0;;;;;;;;;;;;;0.0;1.0;;;;;;;;;;;;;0.0;0.0;;;;;;;;;;;;;0.0;1.0;;;;;;;;;;;;;1.0;0.0;;;;;;;;;;;;;1.0;1.0;;;;;;;;;;;;;1.0;1.0;;;;;;;;;;;;;;;;;;;;;;;;;;;1.0;0.0;1.0;;1.0;;1.0;;;;0.0;2.0;1.0;1.0;2.0;0.0;4.0
М211ББИИН013;А;0.0;;;;;;0.0;;;;;;;;;;;;;;0.0;;;;;;;;;;;;;;0.0;;;;;;;;;;;;;;0.0;;;;;;;;;;;;;;0.0;;;;;;;;;;;;;;0.0;;;;;;;;;;;;;;0.0;;;;;;;;;;;;;;;;;;;;;;;;;;;;1.0;1.0;0.0;;;;;;;;;0.0;0.0;0.0;0.0;0.0;0.0
М211ББИИН014;А;1.0;1.0;;;;;1.0;1.0;;;;;;;;;;;;;1.0;1.0;;;;;;;;;;;;;0.0;;;;;;;;;;;;;;1.0;1.0;;;;;;;;;;;;;0.0;0.0;;;;;;;;;;;;;1.0;0.0;;;;;;;;;;;;;1.0;0.0;;;;;;;;;;;;;;;;;;;;;;;;;;;0.0;0.0;0.0;;;;;;;;;1.0;2.0;2.0;1.0;0.0;5.0
М211ББИИН017;А;1.0;;;;;;1.0;1.0;;;;;;;;;;;;;2.0;2.0;;;;;;;;;;;;;2.0;1.0;;;;;;;;;;;;;1.0;1.0;;;;;;;;;;;;;1.0;0.0;;;;;;;;;;;;;1.0;1.0;;;;;;;;;;;;;1.0;1.0;;;;;;;;;;;;;;;;;;;;;;;;;;;1.0;1.0;1.0;;;;;;;;;2.0;1.0;2.0;2.0;2.0;7.0
М211ББИИН019;А;1.0;;;;;;1.0;1.0;;;;;;;;;;;;;1.0;2.0;;;;;;;;;;;;;1.0;1.0;;;;;;;;;;;;;1.0;1.0;;;;;;;;;;;;;0.0;0.0;;;;;;;;;;;;;0.0;1.0;;;;;;;;;;;;;0.0;1.0;;;;;;;;;;;;;;;;;;;;;;;;;;;1.0;1.0;1.0;1.0;;1.0;;1.0;;1.0;;1.0;1.0;2.0;1.0;2.0;6.0
М211ББИИН020;А;1.0;;;;;;0.0;0.0;;;;;;;;;;;;;0.0;0.0;;;;;;;;;;;;;0.0;0.0;;;;;;;;;;;;;0.0;0.0;;;;;;;;;;;;;0.0;0.0;;;;;;;;;;;;;1.0;1.0;;;;;;;;;;;;;1.0;1.0;;;;;;;;;;;;;;;;;;;;;;;;;;;0.0;0.0;0.0;;;;;;;;;2.0;1.0;0.0;1.0;0.0;2.0
М211ББИИН024;А;1.0;;;;;;1.0;1.0;1.0;;;;;;;;;;;;2.0;1.0;1.0;;;;;;;;;;;;2.0;;;;;;;;;;;;;;1.0;1.0;1.0;;;;;;;;;;;;1.0;0.0;1.0;;;;;;;;;;;;1.0;1.0;1.0;;;;;;;;;;;;1.0;1.0;1.0;;;;;;;;;;;;;;;;;;;;;;;;;;1.0;0.0;1.0;;;;;;;;;2.0;1.0;2.0;2.0;0.0;5.0
М211ББИИН027;А;1.0;;;;;;0.0;;;;;;;;;;;;;;0.0;;;;;;;;;;;;;;0.0;;;;;;;;;;;;;;0.0;;;;;;;;;;;;;;0.0;;;;;;;;;;;;;;0.0;;;;;;;;;;;;;;0.0;;;;;;;;;;;;;;;;;;;;;;;;;;;;0.0;0.0;0.0;;;;;;;;;0.0;1.0;0.0;0.0;0.0;1.0
М211ББИИН029;А;0.0;;;;;;0.0;;;;;;;;;;;;;;0.0;;;;;;;;;;;;;;0.0;;;;;;;;;;;;;;0.0;;;;;;;;;;;;;;0.0;;;;;;;;;;;;;;1.0;;;;;;;;;;;;;;1.0;;;;;;;;;;;;;;;;;;;;;;;;;;;;0.0;0.0;0.0;0.0;;0.0;;0.0;;0.0;;1.0;0.0;0.0;0.0;0.0;0.0
М211ББИИН033;А;1.0;;;;;;0.0;;;;;;;;;;;;;;0.0;;;;;;;;;;;;;;0.0;;;;;;;;;;;;;;0.0;;;;;;;;;;;;;;0.0;;;;;;;;;;;;;;0.0;;;;;;;;;;;;;;0.0;;;;;;;;;;;;;;;;;;;;;;;;;;;;1.0;1.0;1.0;;;;;;;;;0.0;1.0;0.0;0.0;2.0;3.0
М211ББИИН034;А;1.0;;;;;;1.0;1.0;;;;;;;;;;;;;1.0;1.0;;;;;;;;;;;;;1.0;;;;;;;;;;;;;;1.0;1.0;;;;;;;;;;;;;0.0;0.0;;;;;;;;;;;;;1.0;0.0;;;;;;;;;;;;;1.0;0.0;;;;;;;;;;;;;;;;;;;;;;;;;;;0.0;0.0;0.0;;;;;;;;;1.0;1.0;2.0;1.0;0.0;4.0
М211ББИИН036;А;1.0;;;;;;1.0;;;;;;;;;;;;;;1.0;;;;;;;;;;;;;;1.0;;;;;;;;;;;;;;1.0;;;;;;;;;;;;;;0.0;;;;;;;;;;;;;;1.0;;;;;;;;;;;;;;1.0;;;;;;;;;;;;;;;;;;;;;;;;;;;;0.0;1.0;0.0;1.0;;2.0;;2.0;;1.0;;1.0;1.0;1.0;1.0;0.0;3.0
М211ББИИН037;А;1.0;;;;;;1.0;1.0;;;;;;;;;;;;;2.0;2.0;;;;;;;;;;;;;1.0;1.0;;;;;;;;;;;;;1.0;1.0;;;;;;;;;;;;;1.0;1.0;;;;;;;;;;;;;1.0;1.0;;;;;;;;;;;;;1.0;1.0;;;;;;;;;;;;;;;;;;;;;;;;;;;0.0;0.0;0.0;1.0;;2.0;;1.0;;1.0;;2.0;1.0;2.0;2.0;0.0;5.0
М211ББИИН039;А;1.0;;;;;;1.0;;;;;;;;;;;;;;1.0;;;;;;;;;;;;;;1.0;;;;;;;;;;;;;;1.0;;;;;;;;;;;;;;0.0;;;;;;;;;;;;;;0.0;;;;;;;;;;;;;;0.0;;;;;;;;;;;;;;;;;;;;;;;;;;;;1.0;0.0;0.0;;;;;;;;;;1.0;1.0;1.0;0.0;3.0
М211ББИИН041;А;1.0;;;;;;0.0;0.0;;;;;;;;;;;;;0.0;0.0;;;;;;;;;;;;;0.0;0.0;;;;;;;;;;;;;0.0;0.0;;;;;;;;;;;;;1.0;0.0;;;;;;;;;;;;;1.0;1.0;;;;;;;;;;;;;1.0;1.0;;;;;;;;;;;;;;;;;;;;;;;;;;;1.0;0.0;1.0;;;;;;;;;1.0;1.0;0.0;2.0;0.0;3.0
М211ББИИН044;А;1.0;;;;;;1.0;0.0;;;;;;;;;;;;;0.0;0.0;;;;;;;;;;;;;0.0;0.0;;;;;;;;;;;;;1.0;0.0;;;;;;;;;;;;;0.0;0.0;;;;;;;;;;;;;0.0;0.0;;;;;;;;;;;;;0.0;0.0;;;;;;;;;;;;;;;;;;;;;;;;;;;0.0;0.0;0.0;;;;;;;;;0.0;1.0;1.0;1.0;0.0;3.0
М211ББИИН048;А;1.0;;;;;;1.0;1.0;;;;;;;;;;;;;1.0;2.0;;;;;;;;;;;;;1.0;1.0;;;;;;;;;;;;;1.0;1.0;;;;;;;;;;;;;0.0;0.0;;;;;;;;;;;;;1.0;1.0;;;;;;;;;;;;;1.0;1.0;;;;;;;;;;;;;;;;;;;;;;;;;;;1.0;1.0;1.0;;;;;;;;;2.0;1.0;2.0;1.0;2.0;6.0
М211ББИИН050;А;0.0;;;;;;0.0;;;;;;;;;;;;;;0.0;;;;;;;;;;;;;;0.0;;;;;;;;;;;;;;0.0;;;;;;;;;;;;;;0.0;;;;;;;;;;;;;;0.0;;;;;;;;;;;;;;0.0;;;;;;;;;;;;;;;;;;;;;;;;;;;;0.0;0.0;0.0;;;;;;;;;0.0;0.0;0.0;0.0;0.0;0.0
М211ББИИН053;А;0.0;;;;;;1.0;;;;;;;;;;;;;;1.0;;;;;;;;;;;;;;1.0;;;;;;;;;;;;;;1.0;;;;;;;;;;;;;;1.0;;;;;;;;;;;;;;1.0;;;;;;;;;;;;;;1.0;;;;;;;;;;;;;;;;;;;;;;;;;;;;0.0;0.0;0.0;;;;;;;;;1.0;0.0;1.0;1.0;0.0;2.0
М211ББИИН054;А;1.0;;;;;;1.0;0.0;;;;;;;;;;;;;1.0;0.0;;;;;;;;;;;;;1.0;0.0;;;;;;;;;;;;;1.0;0.0;;;;;;;;;;;;;0.0;0.0;;;;;;;;;;;;;0.0;0.0;;;;;;;;;;;;;0.0;0.0;;;;;;;;;;;;;;;;;;;;;;;;;;;1.0;0.0;1.0;;;;;;;;;0.0;1.0;1.0;1.0;0.0;3.0
М211ББИИН055;А;1.0;1.0;;;;;1.0;1.0;0.0;;;;;;;;;;;;1.0;0.0;1.0;;;;;;;;;;;;;;;;;;;;;;;;;;1.0;1.0;1.0;;;;;;;;;;;;0.0;0.0;0.0;0.0;0.0;;;;;;;;;;1.0;0.0;0.0;0.0;1.0;;;;;;;;;;1.0;0.0;0.0;0.0;1.0;;;;;;;;;;;;;;;;;;;;;;;;1.0;1.0;1.0;;;;;;;;;2.0;2.0;1.0;1.0;2.0;6.0
М211ББИИН056;А;1.0;;;;;;1.0;;;;;;;;;;;;;;2.0;;;;;;;;;;;;;;;;;;;;;;;;;;;;1.0;;;;;;;;;;;;;;0.0;0.0;;;;;;;;;;;;;1.0;1.0;;;;;;;;;;;;;1.0;1.0;;;;;;;;;;;;;;;;;;;;;;;;;;;0.0;1.0;0.0;;;;;;;;;2.0;1.0;1.0;1.0;0.0;3.0
М211ББИИН057;А;1.0;;;;;;1.0;0.0;;;;;;;;;;;;;2.0;0.0;;;;;;;;;;;;;2.0;0.0;;;;;;;;;;;;;1.0;0.0;;;;;;;;;;;;;0.0;1.0;;;;;;;;;;;;;1.0;1.0;;;;;;;;;;;;;1.0;1.0;;;;;;;;;;;;;;;;;;;;;;;;;;;1.0;1.0;1.0;;;;;;;;;2.0;1.0;1.0;2.0;2.0;6.0
М211ББИИН058;А;1.0;;;;;;0.0;;;;;;;;;;;;;;0.0;;;;;;;;;;;;;;0.0;;;;;;;;;;;;;;0.0;;;;;;;;;;;;;;0.0;;;;;;;;;;;;;;1.0;;;;;;;;;;;;;;1.0;;;;;;;;;;;;;;;;;;;;;;;;;;;;0.0;0.0;0.0;;;;;;;;;;1.0;0.0;0.0;0.0;1.0
М211ББИИН060;А;0.0;;;;;;0.0;;;;;;;;;;;;;;0.0;;;;;;;;;;;;;;0.0;;;;;;;;;;;;;;0.0;;;;;;;;;;;;;;0.0;;;;;;;;;;;;;;0.0;;;;;;;;;;;;;;0.0;;;;;;;;;;;;;;;;;;;;;;;;;;;;0.0;0.0;0.0;;;;;;;;;0.0;0.0;0.0;0.0;0.0;0.0
М211ББИИН061;А;1.0;1.0;1.0;;;;0.0;0.0;;;;;;;;;;;;;0.0;0.0;;;;;;;;;;;;;0.0;0.0;;;;;;;;;;;;;0.0;0.0;;;;;;;;;;;;;0.0;0.0;;;;;;;;;;;;;0.0;0.0;;;;;;;;;;;;;0.0;0.0;;;;;;;;;;;;;;;;;;;;;;;;;;;0.0;0.0;0.0;;;;;;;;;0.0;2.0;0.0;0.0;0.0;2.0
М211ББИИН062;А;1.0;;;;;;1.0;;;;;;;;;;;;;;1.0;;;;;;;;;;;;;;1.0;;;;;;;;;;;;;;1.0;;;;;;;;;;;;;;0.0;;;;;;;;;;;;;;0.0;;;;;;;;;;;;;;1.0;;;;;;;;;;;;;;;;;;;;;;;;;;;;1.0;1.0;1.0;;;;;;;;;3.0;1.0;1.0;1.0;2.0;5.0
М211ББИИН063;А;1.0;;;;;;1.0;1.0;;;;;;;;;;;;;1.0;2.0;;;;;;;;;;;;;1.0;2.0;;;;;;;;;;;;;1.0;1.0;;;;;;;;;;;;;0.0;0.0;;;;;;;;;;;;;0.0;0.0;;;;;;;;;;;;;1.0;0.0;;;;;;;;;;;;;;;;;;;;;;;;;;;1.0;0.0;0.0;;;;;;;;;2.0;1.0;2.0;1.0;0.0;4.0
М211ББИИН064;А;1.0;1.0;;;;;0.0;;;;;;;;;;;;;;0.0;;;;;;;;;;;;;;0.0;;;;;;;;;;;;;;0.0;;;;;;;;;;;;;;0.0;;;;;;;;;;;;;;1.0;;;;;;;;;;;;;;1.0;;;;;;;;;;;;;;;;;;;;;;;;;;;;1.0;1.0;0.0;;;;;;;;;2.0;2.0;0.0;0.0;0.0;2.0
М211ББИИН071;А;1.0;;;;;;1.0;;;;;;;;;;;;;;2.0;;;;;;;;;;;;;;1.0;;;;;;;;;;;;;;1.0;;;;;;;;;;;;;;0.0;;;;;;;;;;;;;;1.0;;;;;;;;;;;;;;1.0;;;;;;;;;;;;;;;;;;;;;;;;;;;;1.0;0.0;1.0;;;;;;;;;1.0;1.0;1.0;1.0;0.0;3.0
М211ББИИН072;А;1.0;;;;;;1.0;1.0;1.0;;;;;;;;;;;;1.0;1.0;1.0;;;;;;;;;;;;1.0;1.0;1.0;;;;;;;;;;;;1.0;1.0;1.0;;;;;;;;;;;;0.0;0.0;1.0;;;;;;;;;;;;1.0;0.0;1.0;;;;;;;;;;;;1.0;0.0;1.0;;;;;;;;;;;;;;;;;;;;;;;;;;0.0;0.0;0.0;;;;;;;;;2.0;1.0;2.0;1.0;0.0;4.0
М211ББИИН076;А;1.0;;;;;;1.0;1.0;;;;;;;;;;;;;2.0;2.0;;;;;;;;;;;;;2.0;1.0;;;;;;;;;;;;;1.0;1.0;;;;;;;;;;;;;0.0;0.0;;;;;;;;;;;;;1.0;1.0;;;;;;;;;;;;;1.0;1.0;;;;;;;;;;;;;;;;;;;;;;;;;;;1.0;0.0;1.0;;;;;;;;;2.0;1.0;2.0;1.0;0.0;4.0
М211ББИИН078;А;1.0;;;;;;1.0;;;;;;;;;;;;;;2.0;;;;;;;;;;;;;;2.0;;;;;;;;;;;;;;1.0;;;;;;;;;;;;;;0.0;;;;;;;;;;;;;;1.0;;;;;;;;;;;;;;1.0;;;;;;;;;;;;;;;;;;;;;;;;;;;;1.0;1.0;1.0;;;;;;;;;1.0;1.0;1.0;1.0;2.0;5.0
М211ББИИН084;А;1.0;1.0;;;;;1.0;1.0;;;;;;;;;;;;;2.0;2.0;;;;;;;;;;;;;2.0;2.0;;;;;;;;;;;;;1.0;1.0;;;;;;;;;;;;;1.0;1.0;;;;;;;;;;;;;1.0;1.0;;;;;;;;;;;;;1.0;1.0;;;;;;;;;;;;;;;;;;;;;;;;;;;1.0;1.0;1.0;;;;;;;;;1.0;2.0;2.0;2.0;2.0;8.0
М211ББИИН086;А;0.0;1.0;;;;;0.0;0.0;;;;;;;;;;;;;0.0;0.0;;;;;;;;;;;;;0.0;0.0;;;;;;;;;;;;;0.0;0.0;;;;;;;;;;;;;0.0;0.0;;;;;;;;;;;;;1.0;1.0;;;;;;;;;;;;;1.0;1.0;;;;;;;;;;;;;;;;;;;;;;;;;;;1.0;1.0;1.0;1.0;;2.0;;2.0;;1.0;;2.0;1.0;0.0;1.0;2.0;4.0
М211ББИИН087;А;0.0;;;;;;1.0;0.0;;;;;;;;;;;;;2.0;0.0;;;;;;;;;;;;;2.0;0.0;;;;;;;;;;;;;1.0;0.0;;;;;;;;;;;;;0.0;0.0;;;;;;;;;;;;;0.0;0.0;;;;;;;;;;;;;1.0;0.0;;;;;;;;;;;;;;;;;;;;;;;;;;;0.0;0.0;0.0;;;;;;;;;1.0;0.0;1.0;1.0;0.0;2.0
М211ББИИН090;А;0.0;;;;;;0.0;;;;;;;;;;;;;;0.0;;;;;;;;;;;;;;0.0;;;;;;;;;;;;;;0.0;;;;;;;;;;;;;;0.0;;;;;;;;;;;;;;0.0;;;;;;;;;;;;;;0.0;;;;;;;;;;;;;;;;;;;;;;;;;;;;1.0;1.0;1.0;;;;;;;;;2.0;0.0;0.0;0.0;2.0;2.0
М211ББИИН092;А;1.0;;;;;;1.0;1.0;;;;;;;;;;;;;1.0;1.0;;;;;;;;;;;;;1.0;1.0;;;;;;;;;;;;;1.0;1.0;;;;;;;;;;;;;1.0;1.0;;;;;;;;;;;;;1.0;1.0;;;;;;;;;;;;;1.0;1.0;;;;;;;;;;;;;;;;;;;;;;;;;;;1.0;1.0;0.0;;;;;;;;;2.0;1.0;2.0;2.0;0.0;5.0
М211ББИИН094;А;0.0;;;;;;1.0;;;;;;;;;;;;;;2.0;;;;;;;;;;;;;;2.0;;;;;;;;;;;;;;1.0;;;;;;;;;;;;;;0.0;;;;;;;;;;;;;;1.0;;;;;;;;;;;;;;1.0;;;;;;;;;;;;;;;;;;;;;;;;;;;;1.0;0.0;0.0;;;;;;;;;1.0;0.0;1.0;1.0;0.0;2.0
М211ББИИН096;А;0.0;;;;;;0.0;;;;;;;;;;;;;;0.0;;;;;;;;;;;;;;0.0;;;;;;;;;;;;;;0.0;;;;;;;;;;;;;;0.0;;;;;;;;;;;;;;0.0;;;;;;;;;;;;;;0.0;;;;;;;;;;;;;;;;;;;;;;;;;;;;1.0;1.0;1.0;;;;;;;;;1.0;0.0;0.0;0.0;2.0;2.0
М211ББИИН098;А;1.0;;;;;;1.0;;;;;;;;;;;;;;1.0;;;;;;;;;;;;;;1.0;;;;;;;;;;;;;;1.0;;;;;;;;;;;;;;0.0;;;;;;;;;;;;;;1.0;;;;;;;;;;;;;;1.0;;;;;;;;;;;;;;;;;;;;;;;;;;;;1.0;1.0;0.0;;;;;;;;;2.0;1.0;1.0;1.0;0.0;3.0
М211ББИИН099;А;1.0;1.0;;;;;1.0;1.0;;;;;;;;;;;;;1.0;1.0;;;;;;;;;;;;;1.0;;;;;;;;;;;;;;1.0;1.0;;;;;;;;;;;;;0.0;0.0;;;;;;;;;;;;;0.0;0.0;;;;;;;;;;;;;0.0;0.0;;;;;;;;;;;;;;;;;;;;;;;;;;;1.0;1.0;1.0;;;;;;;;;1.0;2.0;2.0;1.0;2.0;7.0
М211ББИИН102;А;0.0;;;;;;0.0;0.0;;;;;;;;;;;;;0.0;0.0;;;;;;;;;;;;;0.0;0.0;;;;;;;;;;;;;0.0;0.0;;;;;;;;;;;;;0.0;0.0;;;;;;;;;;;;;0.0;0.0;;;;;;;;;;;;;0.0;0.0;;;;;;;;;;;;;;;;;;;;;;;;;;;1.0;0.0;0.0;;;;;;;;;0.0;0.0;0.0;0.0;0.0;0.0
М211ББИИН103;А;1.0;;;;;;1.0;1.0;;;;;;;;;;;;;1.0;2.0;;;;;;;;;;;;;1.0;2.0;;;;;;;;;;;;;1.0;1.0;;;;;;;;;;;;;1.0;1.0;;;;;;;;;;;;;1.0;1.0;;;;;;;;;;;;;1.0;1.0;;;;;;;;;;;;;;;;;;;;;;;;;;;1.0;1.0;1.0;;;;;;;;;2.0;1.0;2.0;2.0;2.0;7.0
М211ББИИН104;А;1.0;;;;;;1.0;;;;;;;;;;;;;;1.0;;;;;;;;;;;;;;1.0;;;;;;;;;;;;;;1.0;;;;;;;;;;;;;;1.0;;;;;;;;;;;;;;1.0;;;;;;;;;;;;;;1.0;;;;;;;;;;;;;;;;;;;;;;;;;;;;1.0;1.0;1.0;;;;;;;;;1.0;1.0;1.0;1.0;2.0;5.0
М211ББИИН105;А;1.0;;;;;;1.0;1.0;;;;;;;;;;;;;1.0;2.0;;;;;;;;;;;;;1.0;;;;;;;;;;;;;;1.0;1.0;;;;;;;;;;;;;0.0;0.0;;;;;;;;;;;;;0.0;0.0;;;;;;;;;;;;;0.0;0.0;;;;;;;;;;;;;;;;;;;;;;;;;;;1.0;0.0;1.0;;;;;;;;;0.0;1.0;2.0;1.0;0.0;4.0
М211ББИИН106;А;1.0;1.0;;;;;1.0;1.0;0.0;;;;;;;;;;;;1.0;2.0;0.0;;;;;;;;;;;;1.0;1.0;0.0;;;;;;;;;;;;1.0;1.0;0.0;;;;;;;;;;;;0.0;0.0;0.0;;;;;;;;;;;;1.0;1.0;1.0;;;;;;;;;;;;1.0;1.0;1.0;;;;;;;;;;;;;;;;;;;;;;;;;;1.0;1.0;1.0;;;;;;;;;1.0;2.0;1.0;1.0;2.0;6.0
М211ББИИН107;А;1.0;1.0;;;;;1.0;;;;;;;;;;;;;;1.0;;;;;;;;;;;;;;1.0;;;;;;;;;;;;;;1.0;;;;;;;;;;;;;;0.0;0.0;;;;;;;;;;;;;0.0;1.0;;;;;;;;;;;;;0.0;0.0;;;;;;;;;;;;;;;;;;;;;;;;;;;1.0;1.0;1.0;1.0;;2.0;;2.0;;1.0;;1.0;2.0;1.0;1.0;2.0;6.0
М211ББИИН108;А;1.0;1.0;;;;;0.0;;;;;;;;;;;;;;0.0;;;;;;;;;;;;;;0.0;;;;;;;;;;;;;;0.0;;;;;;;;;;;;;;0.0;0.0;;;;;;;;;;;;;1.0;1.0;;;;;;;;;;;;;1.0;1.0;;;;;;;;;;;;;;;;;;;;;;;;;;;1.0;1.0;1.0;;;;;;;;;2.0;2.0;0.0;1.0;2.0;5.0
М211ББИИН109;А;1.0;;;;;;0.0;;;;;;;;;;;;;;0.0;;;;;;;;;;;;;;0.0;;;;;;;;;;;;;;0.0;;;;;;;;;;;;;;0.0;;;;;;;;;;;;;;1.0;;;;;;;;;;;;;;1.0;;;;;;;;;;;;;;;;;;;;;;;;;;;;1.0;1.0;0.0;;;;;;;;;1.0;1.0;0.0;0.0;0.0;1.0
М211ББИИН112;А;0.0;0.0;;;;;1.0;1.0;;;;;;;;;;;;;2.0;2.0;;;;;;;;;;;;;2.0;2.0;;;;;;;;;;;;;1.0;1.0;;;;;;;;;;;;;0.0;1.0;;;;;;;;;;;;;0.0;1.0;;;;;;;;;;;;;0.0;1.0;;;;;;;;;;;;;;;;;;;;;;;;;;;1.0;0.0;0.0;;;;;;;;;1.0;0.0;2.0;1.0;0.0;3.0
М211ББИИН113;А;1.0;;;;;;1.0;;;;;;;;;;;;;;2.0;;;;;;;;;;;;;;2.0;;;;;;;;;;;;;;1.0;;;;;;;;;;;;;;1.0;;;;;;;;;;;;;;1.0;;;;;;;;;;;;;;1.0;;;;;;;;;;;;;;;;;;;;;;;;;;;;1.0;0.0;1.0;;;;;;;;;1.0;1.0;1.0;1.0;0.0;3.0
М211ББИИН114;А;1.0;1.0;1.0;0.0;;;1.0;0.0;;;;;;;;;;;;;1.0;0.0;;;;;;;;;;;;;1.0;0.0;;;;;;;;;;;;;1.0;0.0;;;;;;;;;;;;;1.0;0.0;;;;;;;;;;;;;1.0;1.0;;;;;;;;;;;;;1.0;0.0;;;;;;;;;;;;;;;;;;;;;;;;;;;1.0;1.0;0.0;;;;;;;;;1.0;2.0;1.0;1.0;0.0;4.0
М211ББИИН116;А;1.0;1.0;;;;;1.0;;;;;;;;;;;;;;1.0;;;;;;;;;;;;;;1.0;;;;;;;;;;;;;;1.0;;;;;;;;;;;;;;1.0;;;;;;;;;;;;;;1.0;;;;;;;;;;;;;;1.0;;;;;;;;;;;;;;;;;;;;;;;;;;;;1.0;0.0;1.0;1.0;;0.0;;0.0;;1.0;;1.0;2.0;1.0;1.0;0.0;4.0
М211ББИИН118;А;1.0;;;;;;1.0;1.0;;;;;;;;;;;;;2.0;2.0;;;;;;;;;;;;;2.0;2.0;;;;;;;;;;;;;1.0;1.0;;;;;;;;;;;;;0.0;0.0;;;;;;;;;;;;;1.0;1.0;;;;;;;;;;;;;1.0;1.0;;;;;;;;;;;;;;;;;;;;;;;;;;;1.0;0.0;1.0;;;;;;;;;2.0;1.0;2.0;1.0;0.0;4.0
М211ББИИН120;А;1.0;;;;;;1.0;;;;;;;;;;;;;;1.0;;;;;;;;;;;;;;1.0;;;;;;;;;;;;;;1.0;;;;;;;;;;;;;;0.0;;;;;;;;;;;;;;1.0;;;;;;;;;;;;;;1.0;;;;;;;;;;;;;;;;;;;;;;;;;;;;0.0;0.0;0.0;;;;;;;;;1.0;1.0;1.0;1.0;0.0;3.0
М211ББИИН121;А;1.0;1.0;;;;;1.0;;;;;;;;;;;;;;1.0;;;;;;;;;;;;;;1.0;;;;;;;;;;;;;;1.0;;;;;;;;;;;;;;0.0;0.0;;;;;;;;;;;;;0.0;0.0;;;;;;;;;;;;;0.0;0.0;;;;;;;;;;;;;;;;;;;;;;;;;;;0.0;0.0;0.0;;;;;;;;;0.0;2.0;1.0;1.0;0.0;4.0
М211ББИИН122;А;1.0;1.0;1.0;;;;1.0;1.0;;;;;;;;;;;;;1.0;2.0;;;;;;;;;;;;;1.0;2.0;;;;;;;;;;;;;1.0;1.0;;;;;;;;;;;;;0.0;0.0;;;;;;;;;;;;;0.0;1.0;;;;;;;;;;;;;0.0;1.0;;;;;;;;;;;;;;;;;;;;;;;;;;;1.0;1.0;1.0;;;;;;;;;2.0;2.0;2.0;1.0;2.0;7.0
М211ББИИН123;А;0.0;;;;;;1.0;;;;;;;;;;;;;;1.0;;;;;;;;;;;;;;1.0;;;;;;;;;;;;;;1.0;;;;;;;;;;;;;;0.0;;;;;;;;;;;;;;1.0;;;;;;;;;;;;;;0.0;;;;;;;;;;;;;;;;;;;;;;;;;;;;0.0;0.0;0.0;;;;;;;;;1.0;0.0;1.0;1.0;0.0;2.0
М211ББИИН124;А;1.0;;;;;;1.0;;;;;;;;;;;;;;1.0;;;;;;;;;;;;;;1.0;;;;;;;;;;;;;;1.0;;;;;;;;;;;;;;0.0;;;;;;;;;;;;;;1.0;;;;;;;;;;;;;;1.0;;;;;;;;;;;;;;;;;;;;;;;;;;;;1.0;1.0;0.0;;;;;;;;;1.0;1.0;1.0;1.0;0.0;3.0
М211ББИИН127;А;1.0;1.0;;;;;1.0;1.0;;;;;;;;;;;;;0.0;2.0;;;;;;;;;;;;;0.0;2.0;;;;;;;;;;;;;1.0;1.0;;;;;;;;;;;;;0.0;0.0;;;;;;;;;;;;;1.0;1.0;;;;;;;;;;;;;1.0;1.0;;;;;;;;;;;;;;;;;;;;;;;;;;;1.0;1.0;1.0;;;;;;;;;2.0;2.0;1.0;1.0;2.0;6.0
М211ББИИН128;А;0.0;;;;;;1.0;0.0;;;;;;;;;;;;;1.0;0.0;;;;;;;;;;;;;0.0;0.0;;;;;;;;;;;;;1.0;0.0;;;;;;;;;;;;;0.0;0.0;;;;;;;;;;;;;0.0;0.0;;;;;;;;;;;;;0.0;0.0;;;;;;;;;;;;;;;;;;;;;;;;;;;0.0;0.0;0.0;;;;;;;;;0.0;0.0;1.0;1.0;0.0;2.0
М211ББИИН131;А;1.0;1.0;1.0;;;;1.0;1.0;;;;;;;;;;;;;1.0;1.0;;;;;;;;;;;;;1.0;0.0;;;;;;;;;;;;;1.0;1.0;;;;;;;;;;;;;0.0;0.0;0.0;;;;;;;;;;;;0.0;0.0;1.0;;;;;;;;;;;;0.0;0.0;1.0;;;;;;;;;;;;;;;;;;;;;;;;;;1.0;1.0;1.0;;;;;;;;;1.0;2.0;2.0;1.0;2.0;7.0
М211ББИИН132;А;1.0;;;;;;0.0;0.0;;;;;;;;;;;;;0.0;0.0;;;;;;;;;;;;;0.0;0.0;;;;;;;;;;;;;0.0;0.0;;;;;;;;;;;;;1.0;1.0;;;;;;;;;;;;;1.0;1.0;;;;;;;;;;;;;1.0;1.0;;;;;;;;;;;;;;;;;;;;;;;;;;;1.0;0.0;1.0;;;;;;;;;2.0;1.0;0.0;2.0;0.0;3.0
М211ББИИН135;А;1.0;;;;;;1.0;;;;;;;;;;;;;;1.0;;;;;;;;;;;;;;1.0;;;;;;;;;;;;;;1.0;;;;;;;;;;;;;;0.0;;;;;;;;;;;;;;1.0;;;;;;;;;;;;;;1.0;;;;;;;;;;;;;;;;;;;;;;;;;;;;1.0;1.0;1.0;;;;;;;;;1.0;1.0;1.0;1.0;2.0;5.0
М211ББИИН137;А;1.0;;;;;;1.0;;;;;;;;;;;;;;1.0;;;;;;;;;;;;;;1.0;;;;;;;;;;;;;;1.0;;;;;;;;;;;;;;0.0;;;;;;;;;;;;;;1.0;;;;;;;;;;;;;;1.0;;;;;;;;;;;;;;;;;;;;;;;;;;;;1.0;0.0;1.0;;;;;;;;;1.0;1.0;1.0;1.0;0.0;3.0
М211ББИИН138;А;1.0;;;;;;1.0;;;;;;;;;;;;;;2.0;;;;;;;;;;;;;;2.0;;;;;;;;;;;;;;1.0;;;;;;;;;;;;;;0.0;;;;;;;;;;;;;;1.0;;;;;;;;;;;;;;1.0;;;;;;;;;;;;;;;;;;;;;;;;;;;;1.0;0.0;1.0;;;;;;;;;1.0;1.0;1.0;1.0;0.0;3.0
М211ББИИН140;А;1.0;;;;;;1.0;;;;;;;;;;;;;;1.0;;;;;;;;;;;;;;0.0;;;;;;;;;;;;;;1.0;;;;;;;;;;;;;;0.0;;;;;;;;;;;;;;0.0;;;;;;;;;;;;;;0.0;;;;;;;;;;;;;;;;;;;;;;;;;;;;1.0;1.0;1.0;;;;;;;;;1.0;1.0;1.0;1.0;2.0;5.0
М211ББИИН144;А;1.0;;;;;;1.0;;;;;;;;;;;;;;1.0;;;;;;;;;;;;;;1.0;;;;;;;;;;;;;;1.0;;;;;;;;;;;;;;0.0;;;;;;;;;;;;;;1.0;;;;;;;;;;;;;;1.0;;;;;;;;;;;;;;;;;;;;;;;;;;;;1.0;1.0;0.0;;;;;;;;;1.0;1.0;1.0;1.0;0.0;3.0
М211ББИИН147;А;1.0;1.0;;;;;1.0;;1.0;;;;;;;;;;;;2.0;;2.0;;;;;;;;;;;;2.0;;1.0;;;;;;;;;;;;1.0;;1.0;;;;;;;;;;;;0.0;0.0;0.0;;;;;;;;;;;;1.0;1.0;1.0;;;;;;;;;;;;1.0;1.0;1.0;;;;;;;;;;;;;;;;;;;;;;;;;;1.0;0.0;1.0;;;;;;;;;3.0;2.0;1.0;1.0;0.0;4.0
М211ББИИН150;А;1.0;1.0;;;;;1.0;1.0;;;;;;;;;;;;;2.0;2.0;;;;;;;;;;;;;2.0;2.0;;;;;;;;;;;;;1.0;1.0;;;;;;;;;;;;;1.0;0.0;;;;;;;;;;;;;1.0;0.0;;;;;;;;;;;;;1.0;0.0;;;;;;;;;;;;;;;;;;;;;;;;;;;1.0;1.0;1.0;1.0;;2.0;;2.0;;1.0;;1.0;2.0;2.0;1.0;2.0;7.0
М211ББИИН153;А;1.0;1.0;;;;;1.0;1.0;;;;;;;;;;;;;1.0;0.0;;;;;;;;;;;;;1.0;1.0;;;;;;;;;;;;;1.0;1.0;;;;;;;;;;;;;0.0;0.0;;;;;;;;;;;;;1.0;1.0;;;;;;;;;;;;;0.0;1.0;;;;;;;;;;;;;;;;;;;;;;;;;;;1.0;1.0;1.0;;;;;;;;;1.0;2.0;2.0;1.0;2.0;7.0
М211ББИИН155;А;1.0;;;;;;1.0;;;;;;;;;;;;;;2.0;;;;;;;;;;;;;;2.0;;;;;;;;;;;;;;1.0;;;;;;;;;;;;;;0.0;;;;;;;;;;;;;;1.0;;;;;;;;;;;;;;1.0;;;;;;;;;;;;;;;;;;;;;;;;;;;;0.0;0.0;0.0;;;;;;;;;1.0;1.0;1.0;1.0;0.0;3.0
М211ББИИН156;А;1.0;;;;;;0.0;0.0;;;;;;;;;;;;;0.0;0.0;;;;;;;;;;;;;0.0;0.0;;;;;;;;;;;;;0.0;0.0;;;;;;;;;;;;;0.0;1.0;;;;;;;;;;;;;1.0;1.0;;;;;;;;;;;;;1.0;1.0;;;;;;;;;;;;;;;;;;;;;;;;;;;1.0;1.0;0.0;;;;;;;;;2.0;1.0;0.0;2.0;0.0;3.0
М211ББИИН158;А;1.0;;;;;;1.0;1.0;;;;;;;;;;;;;1.0;2.0;;;;;;;;;;;;;1.0;1.0;;;;;;;;;;;;;1.0;1.0;;;;;;;;;;;;;0.0;0.0;;;;;;;;;;;;;1.0;1.0;;;;;;;;;;;;;1.0;1.0;;;;;;;;;;;;;;;;;;;;;;;;;;;0.0;0.0;0.0;;;;;;;;;2.0;1.0;2.0;1.0;0.0;4.0
М211ББИИН163;А;1.0;;;;;;1.0;1.0;1.0;;;;;;;;;;;;1.0;2.0;1.0;;;;;;;;;;;;1.0;2.0;1.0;;;;;;;;;;;;1.0;1.0;1.0;;;;;;;;;;;;0.0;0.0;0.0;;;;;;;;;;;;0.0;0.0;1.0;;;;;;;;;;;;0.0;0.0;1.0;;;;;;;;;;;;;;;;;;;;;;;;;;1.0;1.0;1.0;;;;;;;;;1.0;1.0;2.0;1.0;2.0;6.0
М211ББИИН164;А;1.0;;;;;;1.0;;;;;;;;;;;;;;1.0;;;;;;;;;;;;;;1.0;;;;;;;;;;;;;;1.0;;;;;;;;;;;;;;0.0;;;;;;;;;;;;;;0.0;;;;;;;;;;;;;;0.0;;;;;;;;;;;;;;;;;;;;;;;;;;;;0.0;1.0;0.0;;;;;;;;;;1.0;1.0;1.0;0.0;3.0
М211ББИИН169;А;1.0;;;;;;1.0;1.0;1.0;;;;;;;;;;;;1.0;2.0;1.0;;;;;;;;;;;;1.0;2.0;1.0;;;;;;;;;;;;1.0;1.0;1.0;;;;;;;;;;;;1.0;0.0;0.0;;;;;;;;;;;;0.0;0.0;1.0;;;;;;;;;;;;1.0;0.0;1.0;;;;;;;;;;;;;;;;;;;;;;;;;;1.0;1.0;0.0;1.0;;1.0;;;;0.0;;2.0;1.0;2.0;1.0;0.0;4.0
М211ББИИН171;А;1.0;;;;;;1.0;;;;;;;;;;;;;;2.0;;;;;;;;;;;;;;2.0;;;;;;;;;;;;;;1.0;;;;;;;;;;;;;;0.0;;;;;;;;;;;;;;1.0;;;;;;;;;;;;;;1.0;;;;;;;;;;;;;;;;;;;;;;;;;;;;1.0;1.0;0.0;;;;;;;;;1.0;1.0;1.0;1.0;0.0;3.0
М211ББИИН172;А;1.0;;;;;;1.0;;;;;;;;;;;;;;2.0;;;;;;;;;;;;;;2.0;;;;;;;;;;;;;;1.0;;;;;;;;;;;;;;0.0;;;;;;;;;;;;;;0.0;;;;;;;;;;;;;;0.0;;;;;;;;;;;;;;;;;;;;;;;;;;;;0.0;0.0;0.0;;;;;;;;;;1.0;1.0;1.0;0.0;3.0
М211ББИИН174;А;0.0;;;;;;0.0;0.0;;;;;;;;;;;;;0.0;0.0;;;;;;;;;;;;;0.0;0.0;;;;;;;;;;;;;0.0;0.0;;;;;;;;;;;;;0.0;0.0;;;;;;;;;;;;;1.0;1.0;;;;;;;;;;;;;1.0;1.0;;;;;;;;;;;;;;;;;;;;;;;;;;;1.0;1.0;1.0;;;;;;;;;2.0;0.0;0.0;1.0;2.0;3.0
М211ББИИН175;А;1.0;1.0;0.0;;;;0.0;0.0;;;;;;;;;;;;;0.0;0.0;;;;;;;;;;;;;0.0;0.0;;;;;;;;;;;;;0.0;0.0;;;;;;;;;;;;;0.0;0.0;;;;;;;;;;;;;0.0;0.0;;;;;;;;;;;;;0.0;0.0;;;;;;;;;;;;;;;;;;;;;;;;;;;0.0;0.0;0.0;;;;;;;;;0.0;2.0;0.0;0.0;0.0;2.0
М211ББИИН176;А;0.0;;;;;;1.0;;;;;;;;;;;;;;0.0;;;;;;;;;;;;;;0.0;;;;;;;;;;;;;;1.0;;;;;;;;;;;;;;0.0;0.0;;;;;;;;;;;;;1.0;1.0;;;;;;;;;;;;;1.0;1.0;;;;;;;;;;;;;;;;;;;;;;;;;;;1.0;1.0;0.0;;;;;;;;;2.0;0.0;1.0;1.0;0.0;2.0
М211ББИИН177;А;1.0;;;;;;1.0;1.0;;;;;;;;;;;;;1.0;2.0;;;;;;;;;;;;;1.0;2.0;;;;;;;;;;;;;1.0;1.0;;;;;;;;;;;;;1.0;0.0;;;;;;;;;;;;;1.0;1.0;;;;;;;;;;;;;1.0;1.0;;;;;;;;;;;;;;;;;;;;;;;;;;;0.0;0.0;0.0;;;;;;;;;2.0;1.0;2.0;2.0;0.0;5.0
М211ББИИН178;А;1.0;;;;;;1.0;1.0;;;;;;;;;;;;;1.0;1.0;;;;;;;;;;;;;0.0;0.0;;;;;;;;;;;;;1.0;1.0;;;;;;;;;;;;;0.0;0.0;;;;;;;;;;;;;0.0;0.0;;;;;;;;;;;;;1.0;0.0;;;;;;;;;;;;;;;;;;;;;;;;;;;1.0;1.0;1.0;;;;;;;;;1.0;1.0;2.0;1.0;2.0;6.0
М211ББИИН179;А;1.0;0.0;;;;;1.0;1.0;;;;;;;;;;;;;1.0;0.0;;;;;;;;;;;;;1.0;0.0;;;;;;;;;;;;;1.0;1.0;;;;;;;;;;;;;0.0;0.0;;;;;;;;;;;;;1.0;1.0;;;;;;;;;;;;;1.0;1.0;;;;;;;;;;;;;;;;;;;;;;;;;;;1.0;0.0;1.0;;;;;;;;;2.0;1.0;1.0;1.0;0.0;3.0
М211ББИИН184;А;1.0;1.0;;;;;1.0;;;;;;;;;;;;;;1.0;;;;;;;;;;;;;;1.0;;;;;;;;;;;;;;1.0;;;;;;;;;;;;;;0.0;;;;;;;;;;;;;;0.0;;;;;;;;;;;;;;0.0;;;;;;;;;;;;;;;;;;;;;;;;;;;;0.0;0.0;0.0;;;;;;;;;0.0;2.0;1.0;1.0;0.0;4.0
М211ББИИН186;А;0.0;;;;;;0.0;0.0;;;;;;;;;;;;;0.0;0.0;;;;;;;;;;;;;0.0;0.0;;;;;;;;;;;;;0.0;0.0;;;;;;;;;;;;;0.0;0.0;;;;;;;;;;;;;0.0;0.0;;;;;;;;;;;;;0.0;0.0;;;;;;;;;;;;;;;;;;;;;;;;;;;0.0;0.0;0.0;;;;;;;;;0.0;0.0;0.0;0.0;0.0;0.0
М211ББИИН187;А;1.0;1.0;;;;;1.0;1.0;;;;;;;;;;;;;2.0;2.0;;;;;;;;;;;;;1.0;1.0;;;;;;;;;;;;;1.0;1.0;;;;;;;;;;;;;0.0;0.0;;;;;;;;;;;;;1.0;1.0;;;;;;;;;;;;;1.0;1.0;;;;;;;;;;;;;;;;;;;;;;;;;;;1.0;1.0;0.0;;;;;;;;;2.0;2.0;2.0;1.0;0.0;5.0
М211ББИИН190;А;1.0;1.0;1.0;1.0;;;0.0;0.0;0.0;;;;;;;;;;;;0.0;0.0;0.0;;;;;;;;;;;;0.0;0.0;0.0;;;;;;;;;;;;0.0;0.0;0.0;;;;;;;;;;;;0.0;0.0;0.0;;;;;;;;;;;;1.0;0.0;1.0;;;;;;;;;;;;1.0;0.0;1.0;;;;;;;;;;;;;;;;;;;;;;;;;;0.0;0.0;0.0;0.0;;0.0;;0.0;;0.0;;2.0;2.0;0.0;1.0;0.0;3.0
М211ББИИН191;А;1.0;0.0;;;;;1.0;;;;;;;;;;;;;;1.0;;;;;;;;;;;;;;1.0;;;;;;;;;;;;;;1.0;;;;;;;;;;;;;;1.0;;;;;;;;;;;;;;1.0;;;;;;;;;;;;;;1.0;;;;;;;;;;;;;;;;;;;;;;;;;;;;0.0;0.0;0.0;;;;;;;;;1.0;1.0;1.0;1.0;0.0;3.0
М211ББИИН192;А;0.0;;;;;;1.0;1.0;;;;;;;;;;;;;2.0;0.0;;;;;;;;;;;;;2.0;0.0;;;;;;;;;;;;;1.0;1.0;;;;;;;;;;;;;0.0;0.0;;;;;;;;;;;;;0.0;0.0;;;;;;;;;;;;;0.0;0.0;;;;;;;;;;;;;;;;;;;;;;;;;;;0.0;0.0;0.0;;;;;;;;;0.0;0.0;1.0;1.0;0.0;2.0
М211ББИИН195;А;1.0;;;;;;1.0;1.0;;;;;;;;;;;;;2.0;2.0;;;;;;;;;;;;;2.0;2.0;;;;;;;;;;;;;1.0;1.0;;;;;;;;;;;;;1.0;0.0;;;;;;;;;;;;;1.0;0.0;;;;;;;;;;;;;1.0;0.0;;;;;;;;;;;;;;;;;;;;;;;;;;;1.0;0.0;1.0;;;;;;;;;1.0;1.0;2.0;1.0;0.0;4.0
М211ББИИН196;А;1.0;;;;;;1.0;;;;;;;;;;;;;;1.0;;;;;;;;;;;;;;1.0;;;;;;;;;;;;;;1.0;;;;;;;;;;;;;;0.0;;;;;;;;;;;;;;0.0;;;;;;;;;;;;;;0.0;;;;;;;;;;;;;;;;;;;;;;;;;;;;1.0;1.0;1.0;;;;;;;;;2.0;1.0;1.0;1.0;2.0;5.0
М211ББИИН197;А;1.0;;;;;;1.0;1.0;;;;;;;;;;;;;1.0;2.0;;;;;;;;;;;;;1.0;;;;;;;;;;;;;;1.0;1.0;;;;;;;;;;;;;0.0;0.0;;;;;;;;;;;;;1.0;0.0;;;;;;;;;;;;;1.0;0.0;;;;;;;;;;;;;;;;;;;;;;;;;;;1.0;0.0;1.0;1.0;;2.0;;2.0;;1.0;;1.0;1.0;2.0;1.0;0.0;4.0
М211ББИИН200;А;1.0;;;;;;0.0;0.0;;;;;;;;;;;;;0.0;0.0;;;;;;;;;;;;;0.0;0.0;;;;;;;;;;;;;0.0;0.0;;;;;;;;;;;;;0.0;0.0;;;;;;;;;;;;;0.0;0.0;;;;;;;;;;;;;0.0;0.0;;;;;;;;;;;;;;;;;;;;;;;;;;;0.0;0.0;0.0;;;;;;;;;0.0;1.0;0.0;0.0;0.0;1.0
М211ББИИН202;А;1.0;;;;;;1.0;1.0;;;;;;;;;;;;;2.0;2.0;;;;;;;;;;;;;2.0;1.0;;;;;;;;;;;;;1.0;1.0;;;;;;;;;;;;;1.0;0.0;;;;;;;;;;;;;1.0;1.0;;;;;;;;;;;;;1.0;1.0;;;;;;;;;;;;;;;;;;;;;;;;;;;1.0;0.0;1.0;1.0;;1.0;;1.0;;1.0;;2.0;1.0;2.0;2.0;0.0;5.0
М211ББИИН204;А;1.0;;;;;;1.0;;;;;;;;;;;;;;0.0;;;;;;;;;;;;;;0.0;;;;;;;;;;;;;;1.0;;;;;;;;;;;;;;0.0;;;;;;;;;;;;;;1.0;;;;;;;;;;;;;;1.0;;;;;;;;;;;;;;;;;;;;;;;;;;;;1.0;1.0;1.0;;;;;;;;;1.0;1.0;1.0;1.0;2.0;5.0
М211ББИИН206;А;1.0;;;;;;1.0;1.0;;;;;;;;;;;;;0.0;1.0;;;;;;;;;;;;;0.0;0.0;;;;;;;;;;;;;1.0;1.0;;;;;;;;;;;;;0.0;0.0;;;;;;;;;;;;;1.0;1.0;;;;;;;;;;;;;1.0;1.0;;;;;;;;;;;;;;;;;;;;;;;;;;;0.0;0.0;0.0;;;;;;;;;2.0;1.0;1.0;1.0;0.0;3.0
М211ББИИН210;А;1.0;1.0;;;;;1.0;1.0;;;;;;;;;;;;;1.0;2.0;;;;;;;;;;;;;1.0;2.0;;;;;;;;;;;;;1.0;1.0;;;;;;;;;;;;;1.0;1.0;;;;;;;;;;;;;1.0;1.0;;;;;;;;;;;;;1.0;1.0;;;;;;;;;;;;;;;;;;;;;;;;;;;1.0;1.0;1.0;;;;;;;;;2.0;2.0;2.0;2.0;2.0;8.0
М211ББИИН212;А;1.0;;;;;;1.0;1.0;;;;;;;;;;;;;0.0;1.0;;;;;;;;;;;;;0.0;0.0;;;;;;;;;;;;;1.0;1.0;;;;;;;;;;;;;0.0;0.0;;;;;;;;;;;;;1.0;1.0;;;;;;;;;;;;;1.0;0.0;;;;;;;;;;;;;;;;;;;;;;;;;;;1.0;1.0;1.0;;;;;;;;;1.0;1.0;1.0;1.0;2.0;5.0
М211ББИИН213;А;1.0;;;;;;1.0;;;;;;;;;;;;;;1.0;;;;;;;;;;;;;;1.0;;;;;;;;;;;;;;1.0;;;;;;;;;;;;;;0.0;;;;;;;;;;;;;;1.0;;;;;;;;;;;;;;1.0;;;;;;;;;;;;;;;;;;;;;;;;;;;;1.0;0.0;1.0;;;;;;;;;1.0;1.0;1.0;1.0;0.0;3.0
М211ББИИН216;А;1.0;;;;;;1.0;1.0;;;;;;;;;;;;;1.0;0.0;;;;;;;;;;;;;1.0;;;;;;;;;;;;;;1.0;1.0;;;;;;;;;;;;;1.0;0.0;;;;;;;;;;;;;1.0;1.0;;;;;;;;;;;;;1.0;1.0;;;;;;;;;;;;;;;;;;;;;;;;;;;1.0;1.0;1.0;;;;;;;;;2.0;1.0;2.0;2.0;2.0;7.0
М211ББИИН217;А;1.0;;;;;;1.0;;;;;;;;;;;;;;1.0;;;;;;;;;;;;;;1.0;;;;;;;;;;;;;;1.0;;;;;;;;;;;;;;0.0;;;;;;;;;;;;;;1.0;;;;;;;;;;;;;;1.0;;;;;;;;;;;;;;;;;;;;;;;;;;;;0.0;0.0;0.0;;;;;;;;;1.0;1.0;1.0;1.0;0.0;3.0
М211ББИИН219;А;1.0;;;;;;0.0;0.0;;;;;;;;;;;;;0.0;0.0;;;;;;;;;;;;;0.0;0.0;;;;;;;;;;;;;0.0;0.0;;;;;;;;;;;;;0.0;0.0;;;;;;;;;;;;;1.0;0.0;;;;;;;;;;;;;1.0;0.0;;;;;;;;;;;;;;;;;;;;;;;;;;;0.0;0.0;0.0;;;;;;;;;1.0;1.0;0.0;0.0;0.0;1.0
М211ББИИН220;А;0.0;;;;;;1.0;;;;;;;;;;;;;;1.0;;;;;;;;;;;;;;0.0;;;;;;;;;;;;;;1.0;;;;;;;;;;;;;;0.0;;;;;;;;;;;;;;1.0;;;;;;;;;;;;;;1.0;;;;;;;;;;;;;;;;;;;;;;;;;;;;1.0;1.0;1.0;1.0;;1.0;;;;1.0;;1.0;0.0;1.0;1.0;2.0;4.0
М211ББИИН224;А;0.0;1.0;;;;;0.0;1.0;1.0;1.0;;;;;;;;;;;0.0;1.0;1.0;1.0;;;;;;;;;;;0.0;;1.0;;;;;;;;;;;;0.0;1.0;1.0;1.0;;;;;;;;;;;0.0;0.0;0.0;0.0;;;;;;;;;;;0.0;1.0;1.0;1.0;;;;;;;;;;;0.0;1.0;1.0;1.0;;;;;;;;;;;;;;;;;;;;;;;;;1.0;1.0;1.0;;;;;;;;;2.0;1.0;1.0;1.0;2.0;5.0
М211ББИИН227;А;1.0;1.0;;;;;0.0;0.0;;;;;;;;;;;;;0.0;0.0;;;;;;;;;;;;;0.0;0.0;;;;;;;;;;;;;0.0;0.0;;;;;;;;;;;;;0.0;0.0;;;;;;;;;;;;;1.0;1.0;;;;;;;;;;;;;1.0;1.0;;;;;;;;;;;;;;;;;;;;;;;;;;;0.0;1.0;0.0;;;;;;;;;2.0;2.0;0.0;1.0;0.0;3.0
М211ББИИН228;А;0.0;;;;;;0.0;;;;;;;;;;;;;;0.0;;;;;;;;;;;;;;0.0;;;;;;;;;;;;;;0.0;;;;;;;;;;;;;;0.0;;;;;;;;;;;;;;1.0;;;;;;;;;;;;;;1.0;;;;;;;;;;;;;;;;;;;;;;;;;;;;0.0;0.0;0.0;;;;;;;;;1.0;0.0;0.0;0.0;0.0;0.0
М211ББИИН229;А;1.0;1.0;;;;;1.0;0.0;;;;;;;;;;;;;2.0;0.0;;;;;;;;;;;;;1.0;0.0;;;;;;;;;;;;;1.0;0.0;;;;;;;;;;;;;0.0;0.0;;;;;;;;;;;;;1.0;1.0;;;;;;;;;;;;;1.0;1.0;;;;;;;;;;;;;;;;;;;;;;;;;;;1.0;0.0;1.0;1.0;;2.0;;1.0;;1.0;;2.0;2.0;1.0;1.0;0.0;4.0
М211ББИИН231;А;1.0;1.0;;;;;0.0;1.0;0.0;;;;;;;;;;;;0.0;1.0;0.0;;;;;;;;;;;;0.0;;0.0;;;;;;;;;;;;0.0;1.0;0.0;;;;;;;;;;;;0.0;0.0;0.0;0.0;;;;;;;;;;;1.0;1.0;1.0;0.0;;;;;;;;;;;1.0;1.0;1.0;0.0;;;;;;;;;;;;;;;;;;;;;;;;;1.0;1.0;1.0;;;;;;;;;3.0;2.0;1.0;1.0;2.0;6.0
М211ББИИН232;А;0.0;;;;;;1.0;1.0;;;;;;;;;;;;;0.0;0.0;;;;;;;;;;;;;0.0;0.0;;;;;;;;;;;;;1.0;1.0;;;;;;;;;;;;;0.0;0.0;;;;;;;;;;;;;0.0;0.0;;;;;;;;;;;;;1.0;1.0;;;;;;;;;;;;;;;;;;;;;;;;;;;0.0;0.0;0.0;;;;;;;;;3.0;0.0;1.0;1.0;0.0;2.0
М211ББИИН233;А;1.0;1.0;1.0;1.0;1.0;1.0;1.0;1.0;;;;;;;;;;;;;1.0;0.0;;;;;;;;;;;;;1.0;;;;;;;;;;;;;;1.0;1.0;;;;;;;;;;;;;0.0;0.0;;;;;;;;;;;;;1.0;1.0;;;;;;;;;;;;;1.0;1.0;;;;;;;;;;;;;;;;;;;;;;;;;;;0.0;0.0;0.0;;;;;;;;;2.0;2.0;2.0;1.0;0.0;5.0
М211ББИИН234;А;1.0;;;;;;0.0;;;;;;;;;;;;;;0.0;;;;;;;;;;;;;;0.0;;;;;;;;;;;;;;0.0;;;;;;;;;;;;;;0.0;;;;;;;;;;;;;;0.0;;;;;;;;;;;;;;0.0;;;;;;;;;;;;;;;;;;;;;;;;;;;;0.0;0.0;0.0;;;;;;;;;0.0;1.0;0.0;0.0;0.0;1.0
М211ББИИН238;А;0.0;;;;;;0.0;0.0;;;;;;;;;;;;;0.0;0.0;;;;;;;;;;;;;0.0;0.0;;;;;;;;;;;;;0.0;0.0;;;;;;;;;;;;;0.0;0.0;;;;;;;;;;;;;0.0;0.0;;;;;;;;;;;;;0.0;0.0;;;;;;;;;;;;;;;;;;;;;;;;;;;0.0;0.0;0.0;;;;;;;;;0.0;0.0;0.0;0.0;0.0;0.0
М211ББИИН239;А;1.0;;;;;;1.0;;;;;;;;;;;;;;1.0;;;;;;;;;;;;;;1.0;;;;;;;;;;;;;;1.0;;;;;;;;;;;;;;0.0;;;;;;;;;;;;;;0.0;;;;;;;;;;;;;;0.0;;;;;;;;;;;;;;;;;;;;;;;;;;;;1.0;0.0;1.0;;;;;;;;;0.0;1.0;1.0;1.0;0.0;3.0
М211ББИИН240;А;1.0;;;;;;1.0;;;;;;;;;;;;;;1.0;;;;;;;;;;;;;;1.0;;;;;;;;;;;;;;1.0;;;;;;;;;;;;;;0.0;;;;;;;;;;;;;;0.0;;;;;;;;;;;;;;0.0;;;;;;;;;;;;;;;;;;;;;;;;;;;;1.0;1.0;0.0;;;;;;;;;0.0;1.0;1.0;1.0;0.0;3.0
М211ББИИН241;А;1.0;;;;;;1.0;;;;;;;;;;;;;;1.0;;;;;;;;;;;;;;1.0;;;;;;;;;;;;;;1.0;;;;;;;;;;;;;;1.0;;;;;;;;;;;;;;1.0;;;;;;;;;;;;;;0.0;;;;;;;;;;;;;;;;;;;;;;;;;;;;1.0;0.0;1.0;;;;;;;;;;1.0;1.0;1.0;0.0;3.0
М211ББИИН244;А;1.0;1.0;;;;;1.0;1.0;1.0;;;;;;;;;;;;1.0;2.0;1.0;;;;;;;;;;;;1.0;0.0;1.0;;;;;;;;;;;;1.0;1.0;1.0;;;;;;;;;;;;0.0;0.0;0.0;0.0;;;;;;;;;;;0.0;0.0;0.0;0.0;;;;;;;;;;;0.0;0.0;0.0;0.0;;;;;;;;;;;;;;;;;;;;;;;;;1.0;1.0;1.0;;;;;;;;;1.0;2.0;2.0;1.0;2.0;7.0
М211ББИИН248;А;1.0;0.0;1.0;;;;1.0;1.0;;;;;;;;;;;;;1.0;1.0;;;;;;;;;;;;;1.0;2.0;;;;;;;;;;;;;1.0;1.0;;;;;;;;;;;;;0.0;0.0;;;;;;;;;;;;;1.0;1.0;;;;;;;;;;;;;1.0;1.0;;;;;;;;;;;;;;;;;;;;;;;;;;;1.0;1.0;0.0;1.0;1.0;1.0;1.0;1.0;2.0;1.0;1.0;4.0;2.0;2.0;1.0;0.0;5.0
М211ББИИН249;А;1.0;1.0;1.0;;;;1.0;1.0;0.0;;;;;;;;;;;;1.0;2.0;0.0;;;;;;;;;;;;1.0;2.0;0.0;;;;;;;;;;;;1.0;1.0;0.0;;;;;;;;;;;;0.0;0.0;0.0;;;;;;;;;;;;0.0;1.0;1.0;;;;;;;;;;;;0.0;1.0;1.0;;;;;;;;;;;;;;;;;;;;;;;;;;1.0;1.0;1.0;0.0;;0.0;;0.0;;0.0;;2.0;2.0;1.0;1.0;2.0;6.0
М211ББИИН252;А;1.0;;;;;;0.0;;;;;;;;;;;;;;0.0;;;;;;;;;;;;;;0.0;;;;;;;;;;;;;;0.0;;;;;;;;;;;;;;0.0;;;;;;;;;;;;;;1.0;;;;;;;;;;;;;;1.0;;;;;;;;;;;;;;;;;;;;;;;;;;;;0.0;0.0;0.0;;;;;;;;;1.0;1.0;0.0;0.0;0.0;1.0
М211ББИИН254;А;1.0;;;;;;0.0;0.0;;;;;;;;;;;;;0.0;0.0;;;;;;;;;;;;;0.0;0.0;;;;;;;;;;;;;0.0;0.0;;;;;;;;;;;;;0.0;0.0;;;;;;;;;;;;;0.0;0.0;;;;;;;;;;;;;0.0;0.0;;;;;;;;;;;;;;;;;;;;;;;;;;;1.0;1.0;1.0;1.0;;2.0;;2.0;;1.0;;1.0;1.0;0.0;0.0;2.0;3.0
М211ББИИН256;А;1.0;1.0;1.0;;;;1.0;1.0;;;;;;;;;;;;;1.0;2.0;;;;;;;;;;;;;1.0;1.0;;;;;;;;;;;;;1.0;1.0;;;;;;;;;;;;;0.0;0.0;;;;;;;;;;;;;0.0;1.0;;;;;;;;;;;;;0.0;1.0;;;;;;;;;;;;;;;;;;;;;;;;;;;1.0;1.0;1.0;;;;;;;;;1.0;2.0;2.0;1.0;2.0;7.0
М211ББИИН257;А;1.0;;;;;;1.0;;;;;;;;;;;;;;1.0;;;;;;;;;;;;;;1.0;;;;;;;;;;;;;;1.0;;;;;;;;;;;;;;0.0;;;;;;;;;;;;;;1.0;;;;;;;;;;;;;;1.0;;;;;;;;;;;;;;;;;;;;;;;;;;;;1.0;1.0;1.0;;;;;;;;;1.0;1.0;1.0;1.0;2.0;5.0
М211ББИИН259;А;1.0;;;;;;1.0;1.0;;;;;;;;;;;;;2.0;2.0;;;;;;;;;;;;;2.0;2.0;;;;;;;;;;;;;1.0;1.0;;;;;;;;;;;;;0.0;0.0;;;;;;;;;;;;;1.0;1.0;;;;;;;;;;;;;1.0;1.0;;;;;;;;;;;;;;;;;;;;;;;;;;;1.0;1.0;1.0;;;;;;;;;2.0;1.0;2.0;1.0;2.0;6.0
М211ББИИН260;А;1.0;;;;;;1.0;1.0;;;;;;;;;;;;;2.0;2.0;;;;;;;;;;;;;1.0;2.0;;;;;;;;;;;;;1.0;1.0;;;;;;;;;;;;;0.0;0.0;;;;;;;;;;;;;1.0;1.0;;;;;;;;;;;;;1.0;1.0;;;;;;;;;;;;;;;;;;;;;;;;;;;1.0;1.0;1.0;;;;;;;;;2.0;1.0;2.0;1.0;2.0;6.0
М211ББИИН264;А;1.0;;;;;;0.0;0.0;;;;;;;;;;;;;0.0;0.0;;;;;;;;;;;;;0.0;0.0;;;;;;;;;;;;;0.0;0.0;;;;;;;;;;;;;1.0;0.0;;;;;;;;;;;;;1.0;0.0;;;;;;;;;;;;;1.0;0.0;;;;;;;;;;;;;;;;;;;;;;;;;;;1.0;1.0;1.0;;;;;;;;;1.0;1.0;0.0;0.0;2.0;3.0
М211ББИИН265;А;;;;;;;1.0;1.0;;;;;;;;;;;;;1.0;0.0;;;;;;;;;;;;;1.0;0.0;;;;;;;;;;;;;1.0;1.0;;;;;;;;;;;;;1.0;1.0;;;;;;;;;;;;;1.0;1.0;;;;;;;;;;;;;1.0;1.0;;;;;;;;;;;;;;;;;;;;;;;;;;;1.0;0.0;1.0;;;;;;;;;2.0;0.0;1.0;2.0;0.0;3.0
М211ББИИН267;А;0.0;0.0;;;;;1.0;1.0;;;;;;;;;;;;;1.0;2.0;;;;;;;;;;;;;1.0;;;;;;;;;;;;;;1.0;1.0;;;;;;;;;;;;;0.0;0.0;;;;;;;;;;;;;1.0;1.0;;;;;;;;;;;;;1.0;1.0;;;;;;;;;;;;;;;;;;;;;;;;;;;1.0;1.0;1.0;;;;;;;;;2.0;0.0;2.0;1.0;2.0;5.0
М211ББИИН269;А;0.0;;;;;;1.0;1.0;;;;;;;;;;;;;2.0;2.0;;;;;;;;;;;;;2.0;2.0;;;;;;;;;;;;;1.0;1.0;;;;;;;;;;;;;0.0;0.0;;;;;;;;;;;;;1.0;1.0;;;;;;;;;;;;;1.0;1.0;;;;;;;;;;;;;;;;;;;;;;;;;;;1.0;1.0;0.0;;;;;;;;;2.0;0.0;2.0;1.0;0.0;3.0
М211ББИИН270;А;1.0;1.0;;;;;1.0;1.0;;;;;;;;;;;;;1.0;2.0;;;;;;;;;;;;;1.0;;;;;;;;;;;;;;1.0;1.0;;;;;;;;;;;;;0.0;0.0;;;;;;;;;;;;;1.0;0.0;;;;;;;;;;;;;1.0;0.0;;;;;;;;;;;;;;;;;;;;;;;;;;;0.0;0.0;0.0;;;;;;;;;1.0;2.0;2.0;1.0;0.0;5.0
М211ББИИН271;А;1.0;1.0;;;;;1.0;;;;;;;;;;;;;;1.0;;;;;;;;;;;;;;;;;;;;;;;;;;;;1.0;;;;;;;;;;;;;;0.0;;;;;;;;;;;;;;0.0;;;;;;;;;;;;;;0.0;;;;;;;;;;;;;;;;;;;;;;;;;;;;1.0;1.0;1.0;1.0;;0.0;;;;1.0;;3.0;2.0;1.0;1.0;2.0;6.0
М211ББИИН274;А;0.0;;;;;;0.0;;;;;;;;;;;;;;0.0;;;;;;;;;;;;;;0.0;;;;;;;;;;;;;;0.0;;;;;;;;;;;;;;0.0;;;;;;;;;;;;;;0.0;;;;;;;;;;;;;;0.0;;;;;;;;;;;;;;;;;;;;;;;;;;;;0.0;0.0;0.0;;;;;;;;;0.0;0.0;0.0;0.0;0.0;0.0
М211ББИИН276;А;1.0;;;;;;1.0;;;;;;;;;;;;;;0.0;;;;;;;;;;;;;;0.0;;;;;;;;;;;;;;1.0;;;;;;;;;;;;;;1.0;;;;;;;;;;;;;;1.0;;;;;;;;;;;;;;1.0;;;;;;;;;;;;;;;;;;;;;;;;;;;;1.0;0.0;1.0;;;;;;;;;1.0;1.0;1.0;1.0;0.0;3.0
М211БЭКОН002;А;0.0;;;;;;0.0;0.0;0.0;;;;;;;;;;;;0.0;0.0;0.0;;;;;;;;;;;;0.0;0.0;0.0;;;;;;;;;;;;0.0;0.0;0.0;;;;;;;;;;;;0.0;0.0;0.0;;;;;;;;;;;;0.0;0.0;0.0;;;;;;;;;;;;0.0;0.0;0.0;;;;;;;;;;;;;;;;;;;;;;;;;;1.0;1.0;1.0;;;;;;;;;1.0;0.0;0.0;0.0;2.0;2.0
М211БЭКОН005;А;1.0;;;;;;0.0;;;;;;;;;;;;;;0.0;;;;;;;;;;;;;;0.0;;;;;;;;;;;;;;0.0;;;;;;;;;;;;;;0.0;;;;;;;;;;;;;;0.0;;;;;;;;;;;;;;0.0;;;;;;;;;;;;;;;;;;;;;;;;;;;;1.0;0.0;1.0;;;;;;;;;0.0;1.0;0.0;0.0;0.0;1.0
М211БЭКОН008;А;1.0;1.0;0.0;0.0;;;0.0;0.0;0.0;0.0;;;;;;;;;;;0.0;0.0;0.0;0.0;;;;;;;;;;;0.0;0.0;0.0;0.0;;;;;;;;;;;0.0;0.0;0.0;0.0;;;;;;;;;;;0.0;0.0;0.0;0.0;;;;;;;;;;;0.0;1.0;1.0;0.0;;;;;;;;;;;0.0;1.0;1.0;0.0;;;;;;;;;;;;;;;;;;;;;;;;;1.0;1.0;1.0;0.0;0.0;0.0;0.0;0.0;0.0;0.0;0.0;1.0;2.0;0.0;1.0;2.0;5.0
М211БЭКОН011;А;1.0;1.0;;;;;1.0;;;;;;;;;;;;;;2.0;;;;;;;;;;;;;;2.0;;;;;;;;;;;;;;1.0;;;;;;;;;;;;;;0.0;;;;;;;;;;;;;;0.0;;;;;;;;;;;;;;0.0;;;;;;;;;;;;;;;;;;;;;;;;;;;;1.0;0.0;1.0;;;;;;;;;;2.0;1.0;1.0;0.0;4.0
М211БЭКОН016;А;1.0;1.0;1.0;1.0;;;1.0;0.0;1.0;;;;;;;;;;;;1.0;0.0;2.0;;;;;;;;;;;;1.0;0.0;2.0;;;;;;;;;;;;1.0;0.0;1.0;;;;;;;;;;;;0.0;0.0;0.0;;;;;;;;;;;;0.0;1.0;1.0;;;;;;;;;;;;0.0;1.0;1.0;;;;;;;;;;;;;;;;;;;;;;;;;;1.0;1.0;1.0;;;;;;;;;2.0;2.0;1.0;1.0;2.0;6.0
М211БЭКОН0180;А;1.0;;;;;;1.0;1.0;;;;;;;;;;;;;1.0;2.0;;;;;;;;;;;;;1.0;1.0;;;;;;;;;;;;;1.0;1.0;;;;;;;;;;;;;0.0;0.0;;;;;;;;;;;;;1.0;1.0;;;;;;;;;;;;;1.0;1.0;;;;;;;;;;;;;;;;;;;;;;;;;;;1.0;1.0;1.0;;;;;;;;;2.0;1.0;2.0;1.0;2.0;6.0
М211БЭКОН035;А;0.0;1.0;;;;;0.0;0.0;;;;;;;;;;;;;0.0;0.0;;;;;;;;;;;;;0.0;0.0;;;;;;;;;;;;;0.0;0.0;;;;;;;;;;;;;0.0;1.0;;;;;;;;;;;;;0.0;1.0;;;;;;;;;;;;;0.0;1.0;;;;;;;;;;;;;;;;;;;;;;;;;;;0.0;0.0;0.0;;;;;;;;;1.0;1.0;0.0;0.0;0.0;1.0
М211БЭКОН044;А;1.0;1.0;;;;;0.0;1.0;;;;;;;;;;;;;0.0;2.0;;;;;;;;;;;;;0.0;2.0;;;;;;;;;;;;;0.0;1.0;;;;;;;;;;;;;0.0;0.0;;;;;;;;;;;;;1.0;1.0;;;;;;;;;;;;;1.0;1.0;;;;;;;;;;;;;;;;;;;;;;;;;;;0.0;1.0;1.0;1.0;;2.0;;1.0;;1.0;;2.0;2.0;1.0;1.0;0.0;4.0
М211БЭКОН048;А;0.0;;;;;;0.0;;;;;;;;;;;;;;0.0;;;;;;;;;;;;;;0.0;;;;;;;;;;;;;;0.0;;;;;;;;;;;;;;0.0;;;;;;;;;;;;;;1.0;;;;;;;;;;;;;;1.0;;;;;;;;;;;;;;;;;;;;;;;;;;;;1.0;1.0;1.0;;;;;;;;;1.0;0.0;0.0;0.0;2.0;2.0
М211БЭКОН053;А;0.0;0.0;;;;;1.0;1.0;;;;;;;;;;;;;2.0;2.0;;;;;;;;;;;;;2.0;2.0;;;;;;;;;;;;;1.0;1.0;;;;;;;;;;;;;0.0;1.0;;;;;;;;;;;;;1.0;1.0;;;;;;;;;;;;;1.0;1.0;;;;;;;;;;;;;;;;;;;;;;;;;;;1.0;1.0;0.0;;;;;;;;;2.0;0.0;2.0;2.0;0.0;4.0
М211БЭКОН060;А;1.0;1.0;;;;;1.0;;;;;;;;;;;;;;2.0;;;;;;;;;;;;;;2.0;;;;;;;;;;;;;;1.0;;;;;;;;;;;;;;0.0;0.0;;;;;;;;;;;;;1.0;1.0;;;;;;;;;;;;;1.0;1.0;;;;;;;;;;;;;;;;;;;;;;;;;;;0.0;0.0;0.0;;;;;;;;;2.0;2.0;1.0;1.0;0.0;4.0
М211БЭКОН071;А;1.0;1.0;1.0;;;;1.0;1.0;1.0;;;;;;;;;;;;2.0;1.0;1.0;;;;;;;;;;;;2.0;;;;;;;;;;;;;;1.0;1.0;1.0;;;;;;;;;;;;0.0;0.0;0.0;;;;;;;;;;;;1.0;1.0;1.0;;;;;;;;;;;;1.0;1.0;1.0;;;;;;;;;;;;;;;;;;;;;;;;;;1.0;1.0;1.0;;;;;;;;;2.0;2.0;2.0;1.0;2.0;7.0
М211БЭКОН073;А;1.0;;;;;;0.0;0.0;;;;;;;;;;;;;0.0;0.0;;;;;;;;;;;;;0.0;0.0;;;;;;;;;;;;;0.0;0.0;;;;;;;;;;;;;0.0;0.0;;;;;;;;;;;;;0.0;0.0;;;;;;;;;;;;;0.0;0.0;;;;;;;;;;;;;;;;;;;;;;;;;;;0.0;0.0;0.0;;;;;;;;;0.0;1.0;0.0;0.0;0.0;1.0
М211БЭКОН074;А;1.0;;;;;;1.0;1.0;1.0;1.0;;;;;;;;;;;0.0;2.0;1.0;1.0;;;;;;;;;;;0.0;2.0;0.0;0.0;;;;;;;;;;;0.0;1.0;1.0;1.0;;;;;;;;;;;1.0;0.0;0.0;0.0;;;;;;;;;;;1.0;1.0;1.0;1.0;;;;;;;;;;;1.0;1.0;1.0;1.0;;;;;;;;;;;;;;;;;;;;;;;;;1.0;1.0;0.0;;;;;;;;;2.0;1.0;1.0;2.0;0.0;4.0
М211БЭКОН080;А;1.0;;;;;;1.0;;;;;;;;;;;;;;2.0;;;;;;;;;;;;;;2.0;;;;;;;;;;;;;;1.0;;;;;;;;;;;;;;0.0;0.0;;;;;;;;;;;;;1.0;1.0;;;;;;;;;;;;;1.0;1.0;;;;;;;;;;;;;;;;;;;;;;;;;;;1.0;1.0;1.0;;;;;;;;;2.0;1.0;1.0;1.0;2.0;5.0
М211БЭКОН086;А;1.0;;;;;;1.0;1.0;;;;;;;;;;;;;2.0;2.0;;;;;;;;;;;;;2.0;2.0;;;;;;;;;;;;;1.0;1.0;;;;;;;;;;;;;0.0;0.0;;;;;;;;;;;;;0.0;0.0;;;;;;;;;;;;;1.0;1.0;;;;;;;;;;;;;;;;;;;;;;;;;;;0.0;0.0;0.0;;;;;;;;;1.0;1.0;2.0;1.0;0.0;4.0
М211БЭКОН087;А;1.0;;;;;;1.0;1.0;;;;;;;;;;;;;1.0;2.0;;;;;;;;;;;;;;2.0;;;;;;;;;;;;;1.0;1.0;;;;;;;;;;;;;0.0;0.0;;;;;;;;;;;;;1.0;1.0;;;;;;;;;;;;;1.0;1.0;;;;;;;;;;;;;;;;;;;;;;;;;;;0.0;0.0;0.0;;;;;;;;;2.0;1.0;2.0;1.0;0.0;4.0
М211БЭКОН090;А;1.0;;;;;;1.0;1.0;1.0;;;;;;;;;;;;2.0;2.0;2.0;;;;;;;;;;;;1.0;1.0;1.0;;;;;;;;;;;;1.0;1.0;1.0;;;;;;;;;;;;0.0;1.0;0.0;;;;;;;;;;;;0.0;1.0;1.0;;;;;;;;;;;;0.0;1.0;1.0;;;;;;;;;;;;;;;;;;;;;;;;;;1.0;1.0;1.0;;;;;;;;;2.0;1.0;2.0;1.0;2.0;6.0
М211БЭКОН091;А;0.0;;;;;;0.0;;;;;;;;;;;;;;0.0;;;;;;;;;;;;;;0.0;;;;;;;;;;;;;;0.0;;;;;;;;;;;;;;0.0;;;;;;;;;;;;;;0.0;;;;;;;;;;;;;;0.0;;;;;;;;;;;;;;;;;;;;;;;;;;;;0.0;0.0;0.0;;;;;;;;;0.0;0.0;0.0;0.0;0.0;0.0
М211БЭКОН093;А;1.0;;;;;;1.0;;0.0;;;;;;;;;;;;1.0;;0.0;;;;;;;;;;;;0.0;;0.0;;;;;;;;;;;;1.0;;0.0;;;;;;;;;;;;1.0;0.0;0.0;;;;;;;;;;;;1.0;0.0;1.0;;;;;;;;;;;;1.0;1.0;1.0;;;;;;;;;;;;;;;;;;;;;;;;;;0.0;0.0;0.0;0.0;;0.0;;0.0;;0.0;;2.0;1.0;1.0;1.0;0.0;3.0
М211БЭКОН096;А;1.0;;;;;;1.0;;;;;;;;;;;;;;2.0;;;;;;;;;;;;;;2.0;;;;;;;;;;;;;;1.0;;;;;;;;;;;;;;1.0;1.0;;;;;;;;;;;;;1.0;1.0;;;;;;;;;;;;;1.0;1.0;;;;;;;;;;;;;;;;;;;;;;;;;;;1.0;1.0;1.0;;;;;;;;;2.0;1.0;1.0;2.0;2.0;6.0
М211БЭКОН099;А;0.0;0.0;0.0;;;;1.0;0.0;1.0;1.0;;;;;;;;;;;2.0;0.0;2.0;2.0;;;;;;;;;;;2.0;0.0;2.0;2.0;;;;;;;;;;;1.0;0.0;1.0;1.0;;;;;;;;;;;0.0;0.0;1.0;0.0;;;;;;;;;;;0.0;0.0;1.0;1.0;;;;;;;;;;;1.0;0.0;1.0;1.0;;;;;;;;;;;;;;;;;;;;;;;;;1.0;1.0;1.0;1.0;1.0;2.0;2.0;2.0;2.0;1.0;1.0;3.0;0.0;1.0;1.0;2.0;4.0
М211БЭКОН101;А;1.0;1.0;;;;;1.0;1.0;;;;;;;;;;;;;1.0;2.0;;;;;;;;;;;;;1.0;;;;;;;;;;;;;;1.0;1.0;;;;;;;;;;;;;0.0;0.0;;;;;;;;;;;;;1.0;0.0;;;;;;;;;;;;;1.0;0.0;;;;;;;;;;;;;;;;;;;;;;;;;;;1.0;1.0;1.0;;;;;;;;;1.0;2.0;2.0;1.0;2.0;7.0
М211БЭКОН108;А;1.0;1.0;;;;;1.0;1.0;;;;;;;;;;;;;1.0;2.0;;;;;;;;;;;;;1.0;;;;;;;;;;;;;;1.0;1.0;;;;;;;;;;;;;0.0;0.0;;;;;;;;;;;;;1.0;1.0;;;;;;;;;;;;;1.0;1.0;;;;;;;;;;;;;;;;;;;;;;;;;;;1.0;0.0;0.0;;;;;;;;;2.0;2.0;2.0;1.0;0.0;5.0
М211БЭКОН109;А;1.0;;;;;;0.0;;;;;;;;;;;;;;0.0;;;;;;;;;;;;;;0.0;;;;;;;;;;;;;;0.0;;;;;;;;;;;;;;1.0;;;;;;;;;;;;;;1.0;;;;;;;;;;;;;;1.0;;;;;;;;;;;;;;;;;;;;;;;;;;;;0.0;1.0;0.0;;;;;;;;;1.0;1.0;0.0;0.0;0.0;1.0
М211БЭКОН123;А;1.0;;;;;;0.0;0.0;0.0;0.0;0.0;0.0;;;;;;;;;0.0;0.0;0.0;0.0;0.0;0.0;;;;;;;;;0.0;0.0;0.0;0.0;0.0;0.0;;;;;;;;;0.0;0.0;0.0;0.0;0.0;0.0;;;;;;;;;0.0;0.0;0.0;0.0;0.0;0.0;;;;;;;;;1.0;1.0;1.0;1.0;1.0;1.0;;;;;;;;;1.0;1.0;1.0;1.0;1.0;1.0;;;;;;;;;;;;;;;;;;;;;;;1.0;0.0;1.0;;;;;;;;;5.0;1.0;0.0;1.0;0.0;2.0
М211БЭКОН125;А;1.0;1.0;;;;;1.0;1.0;;;;;;;;;;;;;2.0;2.0;;;;;;;;;;;;;2.0;2.0;;;;;;;;;;;;;1.0;1.0;;;;;;;;;;;;;1.0;1.0;;;;;;;;;;;;;1.0;1.0;;;;;;;;;;;;;1.0;1.0;;;;;;;;;;;;;;;;;;;;;;;;;;;1.0;1.0;1.0;;;;;;;;;2.0;2.0;2.0;2.0;2.0;8.0
М211БЭКОН136;А;1.0;;;;;;1.0;;;;;;;;;;;;;;1.0;;;;;;;;;;;;;;1.0;;;;;;;;;;;;;;1.0;;;;;;;;;;;;;;0.0;;;;;;;;;;;;;;0.0;;;;;;;;;;;;;;1.0;;;;;;;;;;;;;;;;;;;;;;;;;;;;0.0;0.0;0.0;;;;;;;;;1.0;1.0;1.0;1.0;0.0;3.0
М211БЭКОН147;А;1.0;;;;;;1.0;1.0;;;;;;;;;;;;;2.0;2.0;;;;;;;;;;;;;1.0;1.0;;;;;;;;;;;;;1.0;1.0;;;;;;;;;;;;;1.0;1.0;;;;;;;;;;;;;1.0;1.0;;;;;;;;;;;;;1.0;1.0;;;;;;;;;;;;;;;;;;;;;;;;;;;1.0;1.0;1.0;;;;;;;;;2.0;1.0;2.0;2.0;2.0;7.0
М211БЭКОН153;А;0.0;;;;;;0.0;;;;;;;;;;;;;;0.0;;;;;;;;;;;;;;0.0;;;;;;;;;;;;;;0.0;;;;;;;;;;;;;;0.0;;;;;;;;;;;;;;0.0;;;;;;;;;;;;;;0.0;;;;;;;;;;;;;;;;;;;;;;;;;;;;1.0;1.0;1.0;;;;;;;;;;0.0;0.0;0.0;2.0;2.0
М211БЭКОН155;А;1.0;1.0;;;;;0.0;1.0;;;;;;;;;;;;;0.0;2.0;;;;;;;;;;;;;0.0;2.0;;;;;;;;;;;;;0.0;1.0;;;;;;;;;;;;;0.0;0.0;;;;;;;;;;;;;1.0;1.0;;;;;;;;;;;;;1.0;1.0;;;;;;;;;;;;;;;;;;;;;;;;;;;1.0;0.0;1.0;;;;;;;;;2.0;2.0;1.0;1.0;0.0;4.0
М211БЭКОН158;А;1.0;;;;;;1.0;1.0;1.0;;;;;;;;;;;;2.0;2.0;2.0;;;;;;;;;;;;2.0;2.0;2.0;;;;;;;;;;;;1.0;1.0;1.0;;;;;;;;;;;;1.0;0.0;0.0;;;;;;;;;;;;1.0;1.0;1.0;;;;;;;;;;;;1.0;1.0;1.0;;;;;;;;;;;;;;;;;;;;;;;;;;1.0;1.0;1.0;;;;;;;;;3.0;1.0;2.0;2.0;2.0;7.0
М211БЭКОН167;А;1.0;;;;;;0.0;1.0;;;;;;;;;;;;;0.0;2.0;;;;;;;;;;;;;0.0;2.0;;;;;;;;;;;;;0.0;1.0;;;;;;;;;;;;;0.0;0.0;;;;;;;;;;;;;1.0;1.0;;;;;;;;;;;;;1.0;1.0;;;;;;;;;;;;;;;;;;;;;;;;;;;1.0;1.0;1.0;;;;;;;;;2.0;1.0;1.0;1.0;2.0;5.0
М211БЭКОН174;А;1.0;;;;;;0.0;1.0;0.0;;;;;;;;;;;;0.0;2.0;0.0;;;;;;;;;;;;0.0;2.0;0.0;;;;;;;;;;;;0.0;1.0;0.0;;;;;;;;;;;;0.0;0.0;0.0;0.0;;;;;;;;;;;1.0;1.0;1.0;1.0;;;;;;;;;;;1.0;1.0;1.0;1.0;;;;;;;;;;;;;;;;;;;;;;;;;0.0;0.0;0.0;;;;;;;;;4.0;1.0;1.0;1.0;0.0;3.0
М211БЭКОН174;А;1.0;;;;;;0.0;1.0;0.0;;;;;;;;;;;;0.0;2.0;0.0;;;;;;;;;;;;0.0;2.0;0.0;;;;;;;;;;;;0.0;1.0;0.0;;;;;;;;;;;;0.0;0.0;0.0;0.0;;;;;;;;;;;1.0;1.0;1.0;1.0;;;;;;;;;;;1.0;1.0;1.0;1.0;;;;;;;;;;;;;;;;;;;;;;;;;0.0;0.0;0.0;;;;;;;;;4.0;1.0;1.0;1.0;0.0;3.0
М211БЭКОН174;А;1.0;;;;;;0.0;1.0;0.0;;;;;;;;;;;;0.0;2.0;0.0;;;;;;;;;;;;0.0;2.0;0.0;;;;;;;;;;;;0.0;1.0;0.0;;;;;;;;;;;;0.0;0.0;0.0;0.0;;;;;;;;;;;1.0;1.0;1.0;1.0;;;;;;;;;;;1.0;1.0;1.0;1.0;;;;;;;;;;;;;;;;;;;;;;;;;0.0;0.0;0.0;;;;;;;;;4.0;1.0;1.0;1.0;0.0;3.0
М211БЭКОН174;А;1.0;;;;;;0.0;1.0;0.0;;;;;;;;;;;;0.0;2.0;0.0;;;;;;;;;;;;0.0;2.0;0.0;;;;;;;;;;;;0.0;1.0;0.0;;;;;;;;;;;;0.0;0.0;0.0;0.0;;;;;;;;;;;1.0;1.0;1.0;1.0;;;;;;;;;;;1.0;1.0;1.0;1.0;;;;;;;;;;;;;;;;;;;;;;;;;0.0;0.0;0.0;;;;;;;;;4.0;1.0;1.0;1.0;0.0;3.0
М211БЭКОН177;А;0.0;;;;;;1.0;;;;;;;;;;;;;;0.0;;;;;;;;;;;;;;0.0;;;;;;;;;;;;;;1.0;;;;;;;;;;;;;;0.0;;;;;;;;;;;;;;0.0;;;;;;;;;;;;;;0.0;;;;;;;;;;;;;;;;;;;;;;;;;;;;1.0;1.0;1.0;;;;;;;;;1.0;0.0;1.0;1.0;2.0;4.0
М211БЭКОН178;А;0.0;;;;;;0.0;;;;;;;;;;;;;;0.0;;;;;;;;;;;;;;0.0;;;;;;;;;;;;;;0.0;;;;;;;;;;;;;;0.0;;;;;;;;;;;;;;0.0;;;;;;;;;;;;;;0.0;;;;;;;;;;;;;;;;;;;;;;;;;;;;1.0;1.0;1.0;;;;;;;;;1.0;0.0;0.0;0.0;2.0;2.0
М211БЭКОН179;А;1.0;;;;;;1.0;;;;;;;;;;;;;;2.0;;;;;;;;;;;;;;2.0;;;;;;;;;;;;;;1.0;;;;;;;;;;;;;;0.0;;;;;;;;;;;;;;0.0;;;;;;;;;;;;;;0.0;;;;;;;;;;;;;;;;;;;;;;;;;;;;0.0;0.0;0.0;;;;;;;;;0.0;1.0;1.0;1.0;0.0;3.0
М211БЭКОН186;А;1.0;;;;;;1.0;;;;;;;;;;;;;;2.0;;;;;;;;;;;;;;1.0;;;;;;;;;;;;;;1.0;;;;;;;;;;;;;;0.0;;;;;;;;;;;;;;1.0;;;;;;;;;;;;;;1.0;;;;;;;;;;;;;;;;;;;;;;;;;;;;1.0;1.0;1.0;1.0;1.0;1.0;2.0;1.0;1.0;1.0;1.0;;1.0;1.0;1.0;2.0;5.0
М211БЭКОН192;А;1.0;;;;;;0.0;;;;;;;;;;;;;;0.0;;;;;;;;;;;;;;0.0;;;;;;;;;;;;;;0.0;;;;;;;;;;;;;;0.0;;;;;;;;;;;;;;0.0;;;;;;;;;;;;;;0.0;;;;;;;;;;;;;;;;;;;;;;;;;;;;1.0;0.0;1.0;;;;;;;;;0.0;1.0;0.0;0.0;0.0;1.0
М211БЭКОН195;А;0.0;;;;;;0.0;;;;;;;;;;;;;;0.0;;;;;;;;;;;;;;0.0;;;;;;;;;;;;;;0.0;;;;;;;;;;;;;;1.0;;;;;;;;;;;;;;;;;;;;;;;;;;;;1.0;;;;;;;;;;;;;;;;;;;;;;;;;;;;1.0;1.0;1.0;;;;;;;;;1.0;0.0;0.0;0.0;2.0;2.0
М211БЭКОН207;А;1.0;0.0;;;;;1.0;1.0;;;;;;;;;;;;;1.0;2.0;;;;;;;;;;;;;1.0;2.0;;;;;;;;;;;;;1.0;1.0;;;;;;;;;;;;;0.0;0.0;;;;;;;;;;;;;1.0;1.0;;;;;;;;;;;;;1.0;1.0;;;;;;;;;;;;;;;;;;;;;;;;;;;0.0;0.0;0.0;1.0;;2.0;;2.0;;1.0;;2.0;1.0;2.0;1.0;0.0;4.0
М211БЭКОН218;А;1.0;;;;;;1.0;;;;;;;;;;;;;;2.0;;;;;;;;;;;;;;2.0;;;;;;;;;;;;;;1.0;;;;;;;;;;;;;;0.0;0.0;;;;;;;;;;;;;1.0;1.0;;;;;;;;;;;;;1.0;1.0;;;;;;;;;;;;;;;;;;;;;;;;;;;0.0;0.0;0.0;;;;;;;;;2.0;1.0;1.0;1.0;0.0;3.0
М211БЭКОН221;А;1.0;;;;;;0.0;1.0;0.0;;;;;;;;;;;;0.0;2.0;0.0;;;;;;;;;;;;0.0;2.0;0.0;;;;;;;;;;;;0.0;1.0;0.0;;;;;;;;;;;;0.0;0.0;0.0;;;;;;;;;;;;1.0;1.0;1.0;;;;;;;;;;;;1.0;1.0;1.0;;;;;;;;;;;;;;;;;;;;;;;;;;1.0;1.0;1.0;;;;;;;;;3.0;1.0;1.0;1.0;2.0;5.0
М211БЭКОН222;А;1.0;0.0;;;;;1.0;0.0;;;;;;;;;;;;;2.0;0.0;;;;;;;;;;;;;1.0;0.0;;;;;;;;;;;;;1.0;0.0;;;;;;;;;;;;;0.0;0.0;;;;;;;;;;;;;0.0;0.0;;;;;;;;;;;;;1.0;0.0;;;;;;;;;;;;;;;;;;;;;;;;;;;1.0;0.0;1.0;;;;;;;;;1.0;1.0;1.0;1.0;0.0;3.0
М211БЭКОН226;А;1.0;1.0;;;;;0.0;1.0;0.0;;;;;;;;;;;;0.0;1.0;0.0;;;;;;;;;;;;0.0;0.0;0.0;;;;;;;;;;;;0.0;1.0;0.0;;;;;;;;;;;;0.0;0.0;0.0;0.0;;;;;;;;;;;1.0;1.0;1.0;1.0;;;;;;;;;;;1.0;1.0;1.0;1.0;;;;;;;;;;;;;;;;;;;;;;;;;1.0;1.0;0.0;;;;;;;;;3.0;2.0;1.0;1.0;0.0;4.0
М211БЭКОН228;А;0.0;;;;;;0.0;;;;;;;;;;;;;;0.0;;;;;;;;;;;;;;0.0;;;;;;;;;;;;;;0.0;;;;;;;;;;;;;;0.0;;;;;;;;;;;;;;0.0;;;;;;;;;;;;;;0.0;;;;;;;;;;;;;;;;;;;;;;;;;;;;0.0;0.0;0.0;;;;;;;;;0.0;0.0;0.0;0.0;0.0;0.0
М211БЭКОН232;А;1.0;1.0;1.0;;;;1.0;;1.0;;;;;;;;;;;;2.0;;1.0;;;;;;;;;;;;2.0;;0.0;;;;;;;;;;;;1.0;;1.0;;;;;;;;;;;;0.0;0.0;0.0;0.0;;;;;;;;;;;1.0;1.0;1.0;1.0;;;;;;;;;;;1.0;1.0;1.0;1.0;;;;;;;;;;;;;;;;;;;;;;;;;1.0;1.0;1.0;;;;;;;;;3.0;2.0;1.0;1.0;2.0;6.0
М211БЭКОН237;А;1.0;1.0;0.0;;;;1.0;1.0;1.0;1.0;;;;;;;;;;;2.0;2.0;2.0;2.0;;;;;;;;;;;2.0;2.0;2.0;2.0;;;;;;;;;;;1.0;1.0;1.0;1.0;;;;;;;;;;;1.0;0.0;1.0;0.0;;;;;;;;;;;1.0;1.0;1.0;0.0;;;;;;;;;;;1.0;1.0;1.0;0.0;;;;;;;;;;;;;;;;;;;;;;;;;1.0;1.0;1.0;1.0;;2.0;;2.0;;1.0;;2.0;2.0;2.0;1.0;2.0;7.0
М211БЭКОН241;А;;;;;;;1.0;;;;;;;;;;;;;;2.0;;;;;;;;;;;;;;2.0;;;;;;;;;;;;;;1.0;;;;;;;;;;;;;;0.0;0.0;;;;;;;;;;;;;1.0;1.0;;;;;;;;;;;;;1.0;1.0;;;;;;;;;;;;;;;;;;;;;;;;;;;1.0;1.0;1.0;;;;;;;;;1.0;0.0;1.0;1.0;2.0;4.0
М211БЭКОН242;А;1.0;1.0;;;;;1.0;1.0;1.0;1.0;1.0;1.0;;;;;;;;;2.0;2.0;2.0;2.0;2.0;2.0;;;;;;;;;2.0;2.0;2.0;2.0;2.0;2.0;;;;;;;;;1.0;1.0;1.0;1.0;1.0;1.0;;;;;;;;;0.0;0.0;0.0;1.0;0.0;1.0;;;;;;;;;1.0;0.0;1.0;1.0;1.0;1.0;;;;;;;;;1.0;0.0;1.0;1.0;1.0;1.0;;;;;;;;;;;;;;;;;;;;;;;1.0;1.0;1.0;;;;;;;;;4.0;2.0;2.0;1.0;2.0;7.0
М211БЭКОН244;А;;;;;;;0.0;0.0;;;;;;;;;;;;;0.0;0.0;;;;;;;;;;;;;0.0;0.0;;;;;;;;;;;;;0.0;0.0;;;;;;;;;;;;;0.0;0.0;;;;;;;;;;;;;1.0;1.0;;;;;;;;;;;;;1.0;1.0;;;;;;;;;;;;;;;;;;;;;;;;;;;1.0;1.0;1.0;;;;;;;;;2.0;0.0;0.0;1.0;2.0;3.0
М211БЭКОН245;А;0.0;;;;;;0.0;;;;;;;;;;;;;;0.0;;;;;;;;;;;;;;0.0;;;;;;;;;;;;;;0.0;;;;;;;;;;;;;;0.0;;;;;;;;;;;;;;0.0;;;;;;;;;;;;;;0.0;;;;;;;;;;;;;;;;;;;;;;;;;;;;1.0;0.0;1.0;;;;;;;;;0.0;0.0;0.0;0.0;0.0;0.0
М211БЭКОН255;А;0.0;1.0;;;;;0.0;0.0;;;;;;;;;;;;;0.0;0.0;;;;;;;;;;;;;0.0;0.0;;;;;;;;;;;;;0.0;0.0;;;;;;;;;;;;;1.0;0.0;;;;;;;;;;;;;1.0;1.0;;;;;;;;;;;;;1.0;1.0;;;;;;;;;;;;;;;;;;;;;;;;;;;1.0;0.0;1.0;;;;;;;;;2.0;1.0;0.0;2.0;0.0;3.0
М211БЭКОН257;А;0.0;;;;;;0.0;;;;;;;;;;;;;;0.0;;;;;;;;;;;;;;0.0;;;;;;;;;;;;;;0.0;;;;;;;;;;;;;;0.0;;;;;;;;;;;;;;0.0;;;;;;;;;;;;;;0.0;;;;;;;;;;;;;;;;;;;;;;;;;;;;0.0;0.0;0.0;;;;;;;;;0.0;0.0;0.0;0.0;0.0;0.0
М211БЭКОН260;А;1.0;1.0;;;;;0.0;0.0;;;;;;;;;;;;;0.0;0.0;;;;;;;;;;;;;0.0;0.0;;;;;;;;;;;;;0.0;0.0;;;;;;;;;;;;;0.0;0.0;;;;;;;;;;;;;1.0;1.0;;;;;;;;;;;;;1.0;1.0;;;;;;;;;;;;;;;;;;;;;;;;;;;1.0;1.0;1.0;;;;;;;;;2.0;2.0;0.0;1.0;2.0;5.0
М211БЭКОН261;А;1.0;1.0;;;;;1.0;1.0;;;;;;;;;;;;;2.0;2.0;;;;;;;;;;;;;2.0;2.0;;;;;;;;;;;;;1.0;1.0;;;;;;;;;;;;;1.0;1.0;;;;;;;;;;;;;1.0;1.0;;;;;;;;;;;;;1.0;1.0;;;;;;;;;;;;;;;;;;;;;;;;;;;1.0;1.0;1.0;1.0;;2.0;;2.0;;1.0;;1.0;2.0;2.0;2.0;2.0;8.0
М211БЭКОН267;А;0.0;;;;;;0.0;;;;;;;;;;;;;;0.0;;;;;;;;;;;;;;0.0;;;;;;;;;;;;;;0.0;;;;;;;;;;;;;;0.0;;;;;;;;;;;;;;0.0;;;;;;;;;;;;;;0.0;;;;;;;;;;;;;;;;;;;;;;;;;;;;0.0;0.0;0.0;;;;;;;;;0.0;0.0;0.0;0.0;0.0;0.0
М211БЭКОН268;А;;;;;;;0.0;;;;;;;;;;;;;;0.0;;;;;;;;;;;;;;0.0;;;;;;;;;;;;;;0.0;;;;;;;;;;;;;;0.0;;;;;;;;;;;;;;1.0;;;;;;;;;;;;;;1.0;;;;;;;;;;;;;;;;;;;;;;;;;;;;0.0;0.0;0.0;;;;;;;;;1.0;0.0;0.0;0.0;0.0;0.0
М211БЭКОН269;А;0.0;0.0;;;;;1.0;;;;;;;;;;;;;;2.0;;;;;;;;;;;;;;2.0;;;;;;;;;;;;;;1.0;;;;;;;;;;;;;;0.0;0.0;;;;;;;;;;;;;0.0;0.0;;;;;;;;;;;;;0.0;0.0;;;;;;;;;;;;;;;;;;;;;;;;;;;1.0;0.0;1.0;;;;;;;;;0.0;0.0;1.0;1.0;0.0;2.0
М211БЭКОН281;А;0.0;;;;;;1.0;;;;;;;;;;;;;;2.0;;;;;;;;;;;;;;2.0;;;;;;;;;;;;;;1.0;;;;;;;;;;;;;;0.0;;;;;;;;;;;;;;0.0;;;;;;;;;;;;;;0.0;;;;;;;;;;;;;;;;;;;;;;;;;;;;0.0;0.0;0.0;;;;;;;;;;0.0;1.0;1.0;0.0;2.0
М211БЭКОН283;А;1.0;0.0;;;;;1.0;1.0;;;;;;;;;;;;;0.0;0.0;;;;;;;;;;;;;0.0;0.0;;;;;;;;;;;;;1.0;1.0;;;;;;;;;;;;;0.0;0.0;;;;;;;;;;;;;0.0;0.0;;;;;;;;;;;;;0.0;0.0;;;;;;;;;;;;;;;;;;;;;;;;;;;1.0;0.0;0.0;;;;;;;;;0.0;1.0;1.0;1.0;0.0;3.0
М211БЭКОН285;А;1.0;;;;;;0.0;0.0;0.0;0.0;;;;;;;;;;;0.0;0.0;0.0;0.0;;;;;;;;;;;0.0;0.0;0.0;0.0;;;;;;;;;;;0.0;0.0;0.0;0.0;;;;;;;;;;;0.0;1.0;0.0;0.0;;;;;;;;;;;0.0;1.0;0.0;0.0;;;;;;;;;;;0.0;1.0;0.0;0.0;;;;;;;;;;;;;;;;;;;;;;;;;1.0;1.0;1.0;;;;;;;;;1.0;1.0;0.0;0.0;2.0;3.0
М211БЭКОН288;А;;;;;;;1.0;1.0;1.0;1.0;1.0;1.0;;;;;;;;;2.0;2.0;2.0;1.0;2.0;0.0;;;;;;;;;1.0;1.0;1.0;1.0;2.0;1.0;;;;;;;;;1.0;1.0;1.0;1.0;1.0;1.0;;;;;;;;;1.0;0.0;1.0;1.0;1.0;0.0;;;;;;;;;1.0;1.0;1.0;1.0;1.0;1.0;;;;;;;;;1.0;1.0;1.0;1.0;1.0;1.0;;;;;;;;;;;;;;;;;;;;;;;0.0;1.0;1.0;;;;;;;;;2.0;0.0;2.0;2.0;0.0;4.0
М211БЭКОН289;А;1.0;;;;;;1.0;1.0;;;;;;;;;;;;;2.0;2.0;;;;;;;;;;;;;;2.0;;;;;;;;;;;;;1.0;1.0;;;;;;;;;;;;;1.0;1.0;;;;;;;;;;;;;1.0;1.0;;;;;;;;;;;;;1.0;1.0;;;;;;;;;;;;;;;;;;;;;;;;;;;0.0;0.0;0.0;;;;;;;;;2.0;1.0;2.0;2.0;0.0;5.0
М211БЭКОН298;А;1.0;;;;;;1.0;1.0;;;;;;;;;;;;;0.0;2.0;;;;;;;;;;;;;0.0;;;;;;;;;;;;;;0.0;;;;;;;;;;;;;;0.0;1.0;;;;;;;;;;;;;1.0;1.0;;;;;;;;;;;;;1.0;1.0;;;;;;;;;;;;;;;;;;;;;;;;;;;1.0;1.0;0.0;;;;;;;;;2.0;1.0;1.0;2.0;0.0;4.0
М211БЭКОН303;А;;;;;;;0.0;;;;;;;;;;;;;;0.0;;;;;;;;;;;;;;0.0;;;;;;;;;;;;;;0.0;;;;;;;;;;;;;;0.0;;;;;;;;;;;;;;0.0;;;;;;;;;;;;;;0.0;;;;;;;;;;;;;;;;;;;;;;;;;;;;0.0;0.0;0.0;;;;;;;;;0.0;0.0;0.0;0.0;0.0;0.0
М211БЭКОН321;А;1.0;;;;;;0.0;;;;;;;;;;;;;;0.0;;;;;;;;;;;;;;0.0;;;;;;;;;;;;;;0.0;;;;;;;;;;;;;;0.0;;;;;;;;;;;;;;1.0;;;;;;;;;;;;;;1.0;;;;;;;;;;;;;;;;;;;;;;;;;;;;1.0;1.0;1.0;1.0;;2.0;;2.0;;1.0;;;1.0;0.0;0.0;2.0;3.0
М211БЭКОН329;А;0.0;;;;;;1.0;;;;;;;;;;;;;;0.0;;;;;;;;;;;;;;1.0;;;;;;;;;;;;;;1.0;;;;;;;;;;;;;;0.0;0.0;;;;;;;;;;;;;0.0;0.0;;;;;;;;;;;;;0.0;0.0;;;;;;;;;;;;;;;;;;;;;;;;;;;1.0;1.0;1.0;;;;;;;;;0.0;0.0;1.0;1.0;2.0;4.0
М211БЭКОН338;А;1.0;;;;;;1.0;;;;;;;;;;;;;;1.0;;;;;;;;;;;;;;;;;;;;;;;;;;;;1.0;;;;;;;;;;;;;;0.0;0.0;;;;;;;;;;;;;0.0;0.0;;;;;;;;;;;;;0.0;0.0;;;;;;;;;;;;;;;;;;;;;;;;;;;0.0;0.0;0.0;;;;;;;;;0.0;1.0;1.0;1.0;0.0;3.0
М211БЭКОН340;А;1.0;;;;;;1.0;0.0;;;;;;;;;;;;;2.0;0.0;;;;;;;;;;;;;2.0;0.0;;;;;;;;;;;;;1.0;0.0;;;;;;;;;;;;;1.0;1.0;;;;;;;;;;;;;1.0;1.0;;;;;;;;;;;;;1.0;0.0;;;;;;;;;;;;;;;;;;;;;;;;;;;1.0;1.0;1.0;;;;;;;;;;1.0;1.0;1.0;2.0;5.0
М211БЭКОН352;А;1.0;;;;;;0.0;1.0;;;;;;;;;;;;;0.0;2.0;;;;;;;;;;;;;0.0;2.0;;;;;;;;;;;;;0.0;1.0;;;;;;;;;;;;;0.0;0.0;;;;;;;;;;;;;0.0;0.0;;;;;;;;;;;;;0.0;0.0;;;;;;;;;;;;;;;;;;;;;;;;;;;1.0;1.0;1.0;;;;;;;;;;1.0;1.0;1.0;2.0;5.0
М211БЭКОН355;А;1.0;;;;;;1.0;0.0;;;;;;;;;;;;;1.0;0.0;;;;;;;;;;;;;1.0;0.0;;;;;;;;;;;;;1.0;0.0;;;;;;;;;;;;;0.0;0.0;;;;;;;;;;;;;0.0;0.0;;;;;;;;;;;;;0.0;0.0;;;;;;;;;;;;;;;;;;;;;;;;;;;0.0;1.0;1.0;;;;;;;;;2.0;1.0;1.0;1.0;0.0;3.0
М211БЭКОН356;А;1.0;;;;;;0.0;;;;;;;;;;;;;;0.0;;;;;;;;;;;;;;0.0;;;;;;;;;;;;;;0.0;;;;;;;;;;;;;;0.0;;;;;;;;;;;;;;1.0;;;;;;;;;;;;;;1.0;;;;;;;;;;;;;;;;;;;;;;;;;;;;1.0;1.0;1.0;;;;;;;;;2.0;1.0;0.0;0.0;2.0;3.0
М211БЭКОН362;А;1.0;;;;;;0.0;;;;;;;;;;;;;;0.0;;;;;;;;;;;;;;0.0;;;;;;;;;;;;;;0.0;;;;;;;;;;;;;;0.0;;;;;;;;;;;;;;0.0;;;;;;;;;;;;;;0.0;;;;;;;;;;;;;;;;;;;;;;;;;;;;0.0;0.0;0.0;;;;;;;;;0.0;1.0;0.0;0.0;0.0;1.0
М211БЭКОН366;А;1.0;1.0;1.0;;;;1.0;1.0;1.0;;1.0;;;;;;;;;;1.0;1.0;1.0;;2.0;;;;;;;;;;;0.0;1.0;;2.0;;;;;;;;;;1.0;1.0;1.0;;1.0;;;;;;;;;;1.0;0.0;0.0;0.0;0.0;;;;;;;;;;1.0;1.0;1.0;1.0;1.0;;;;;;;;;;1.0;1.0;1.0;1.0;1.0;;;;;;;;;;;;;;;;;;;;;;;;1.0;1.0;1.0;1.0;1.0;1.0;2.0;;2.0;1.0;1.0;2.0;2.0;2.0;2.0;2.0;8.0
М211БЭКСТ002;А;0.0;0.0;;;;;0.0;0.0;;;;;;;;;;;;;0.0;0.0;;;;;;;;;;;;;0.0;0.0;;;;;;;;;;;;;0.0;0.0;;;;;;;;;;;;;0.0;0.0;;;;;;;;;;;;;0.0;0.0;;;;;;;;;;;;;0.0;0.0;;;;;;;;;;;;;;;;;;;;;;;;;;;0.0;0.0;0.0;;;;;;;;;0.0;0.0;0.0;0.0;0.0;0.0
М211БЭКСТ005;А;1.0;1.0;;;;;1.0;;;;;;;;;;;;;;2.0;;;;;;;;;;;;;;1.0;;;;;;;;;;;;;;1.0;;;;;;;;;;;;;;0.0;;;;;;;;;;;;;;0.0;;;;;;;;;;;;;;0.0;;;;;;;;;;;;;;;;;;;;;;;;;;;;1.0;1.0;0.0;;;;;;;;;;2.0;1.0;1.0;0.0;4.0
М211БЭКСТ006;А;1.0;;;;;;1.0;;;;;;;;;;;;;;2.0;;;;;;;;;;;;;;2.0;;;;;;;;;;;;;;1.0;;;;;;;;;;;;;;0.0;0.0;;;;;;;;;;;;;1.0;1.0;;;;;;;;;;;;;1.0;1.0;;;;;;;;;;;;;;;;;;;;;;;;;;;0.0;1.0;0.0;;;;;;;;;2.0;1.0;1.0;1.0;0.0;3.0
М211БЭКСТ011;А;0.0;0.0;;;;;0.0;;;;;;;;;;;;;;0.0;;;;;;;;;;;;;;0.0;;;;;;;;;;;;;;0.0;;;;;;;;;;;;;;0.0;;;;;;;;;;;;;;0.0;;;;;;;;;;;;;;0.0;;;;;;;;;;;;;;;;;;;;;;;;;;;;0.0;0.0;0.0;;;;;;;;;0.0;0.0;0.0;0.0;0.0;0.0
М211БЭКСТ012;А;1.0;;;;;;1.0;;;;;;;;;;;;;;2.0;;;;;;;;;;;;;;2.0;;;;;;;;;;;;;;1.0;;;;;;;;;;;;;;0.0;;;;;;;;;;;;;;1.0;;;;;;;;;;;;;;1.0;;;;;;;;;;;;;;;;;;;;;;;;;;;;1.0;0.0;0.0;;;;;;;;;2.0;1.0;1.0;1.0;0.0;3.0
М211БЭКСТ016;А;0.0;0.0;0.0;;;;1.0;1.0;0.0;;;;;;;;;;;;0.0;1.0;0.0;;;;;;;;;;;;0.0;0.0;0.0;;;;;;;;;;;;1.0;1.0;0.0;;;;;;;;;;;;0.0;0.0;0.0;;;;;;;;;;;;0.0;1.0;1.0;;;;;;;;;;;;0.0;1.0;1.0;;;;;;;;;;;;;;;;;;;;;;;;;;1.0;1.0;1.0;;1.0;;0.0;;0.0;;1.0;2.0;0.0;1.0;1.0;2.0;4.0
М211БЭКСТ023;А;1.0;;;;;;0.0;0.0;0.0;0.0;0.0;;;;;;;;;;0.0;0.0;0.0;0.0;0.0;;;;;;;;;;0.0;0.0;0.0;0.0;0.0;;;;;;;;;;0.0;0.0;0.0;0.0;0.0;;;;;;;;;;0.0;0.0;0.0;0.0;0.0;;;;;;;;;;1.0;0.0;1.0;1.0;0.0;;;;;;;;;;1.0;0.0;1.0;1.0;0.0;;;;;;;;;;;;;;;;;;;;;;;;1.0;0.0;0.0;;;;;;;;;3.0;1.0;0.0;1.0;0.0;2.0
М211БЭКСТ024;А;1.0;1.0;;;;;1.0;1.0;;;;;;;;;;;;;2.0;2.0;;;;;;;;;;;;;0.0;2.0;;;;;;;;;;;;;1.0;1.0;;;;;;;;;;;;;0.0;0.0;;;;;;;;;;;;;1.0;1.0;;;;;;;;;;;;;1.0;1.0;;;;;;;;;;;;;;;;;;;;;;;;;;;1.0;0.0;1.0;;;;;;;;;1.0;2.0;2.0;1.0;0.0;5.0
М211БЭКСТ028;А;1.0;1.0;1.0;1.0;;;1.0;1.0;1.0;1.0;;;;;;;;;;;1.0;2.0;2.0;2.0;;;;;;;;;;;0.0;1.0;2.0;;;;;;;;;;;;1.0;1.0;1.0;1.0;;;;;;;;;;;0.0;0.0;0.0;0.0;;;;;;;;;;;1.0;1.0;1.0;1.0;;;;;;;;;;;1.0;1.0;1.0;1.0;;;;;;;;;;;;;;;;;;;;;;;;;1.0;1.0;0.0;;;;;;;;;3.0;2.0;2.0;1.0;0.0;5.0
М211БЭКСТ035;А;1.0;;;;;;1.0;;;;;;;;;;;;;;0.0;;;;;;;;;;;;;;1.0;;;;;;;;;;;;;;1.0;;;;;;;;;;;;;;0.0;;;;;;;;;;;;;;1.0;;;;;;;;;;;;;;1.0;;;;;;;;;;;;;;;;;;;;;;;;;;;;1.0;1.0;0.0;;;;;;;;;1.0;1.0;1.0;1.0;0.0;3.0
М211БЭКСТ038;А;1.0;;;;;;0.0;0.0;;;;;;;;;;;;;0.0;0.0;;;;;;;;;;;;;0.0;0.0;;;;;;;;;;;;;0.0;0.0;;;;;;;;;;;;;0.0;0.0;;;;;;;;;;;;;1.0;1.0;;;;;;;;;;;;;1.0;1.0;;;;;;;;;;;;;;;;;;;;;;;;;;;1.0;1.0;0.0;;;;;;;;;2.0;1.0;0.0;1.0;0.0;2.0
М211БЭКСТ039;А;1.0;;;;;;0.0;0.0;;;;;;;;;;;;;0.0;0.0;;;;;;;;;;;;;0.0;0.0;;;;;;;;;;;;;0.0;0.0;;;;;;;;;;;;;0.0;0.0;;;;;;;;;;;;;0.0;0.0;;;;;;;;;;;;;0.0;0.0;;;;;;;;;;;;;;;;;;;;;;;;;;;1.0;1.0;1.0;;;;;;;;;;1.0;0.0;0.0;2.0;3.0
М211БЭКСТ040;А;1.0;1.0;;;;;1.0;1.0;1.0;;;;;;;;;;;;2.0;2.0;2.0;;;;;;;;;;;;2.0;1.0;2.0;;;;;;;;;;;;1.0;1.0;1.0;;;;;;;;;;;;0.0;0.0;1.0;;;;;;;;;;;;1.0;0.0;1.0;;;;;;;;;;;;1.0;0.0;1.0;;;;;;;;;;;;;;;;;;;;;;;;;;1.0;1.0;1.0;;;;;;;;;2.0;2.0;2.0;1.0;2.0;7.0
М211БЭКСТ041;А;0.0;;;;;;0.0;0.0;;;;;;;;;;;;;0.0;0.0;;;;;;;;;;;;;0.0;0.0;;;;;;;;;;;;;0.0;0.0;;;;;;;;;;;;;1.0;1.0;;;;;;;;;;;;;1.0;1.0;;;;;;;;;;;;;1.0;1.0;;;;;;;;;;;;;;;;;;;;;;;;;;;1.0;1.0;1.0;;;;;;;;;2.0;0.0;0.0;2.0;2.0;4.0
М211БЭКСТ043;А;1.0;1.0;1.0;;;;0.0;0.0;;;;;;;;;;;;;0.0;0.0;;;;;;;;;;;;;0.0;0.0;;;;;;;;;;;;;0.0;0.0;;;;;;;;;;;;;1.0;0.0;;;;;;;;;;;;;1.0;1.0;;;;;;;;;;;;;1.0;1.0;;;;;;;;;;;;;;;;;;;;;;;;;;;1.0;1.0;1.0;;;;;;;;;2.0;2.0;0.0;2.0;2.0;6.0
М211БЭКСТ046;А;1.0;;;;;;1.0;;;;;;;;;;;;;;2.0;;;;;;;;;;;;;;2.0;;;;;;;;;;;;;;1.0;;;;;;;;;;;;;;0.0;;;;;;;;;;;;;;0.0;;;;;;;;;;;;;;0.0;;;;;;;;;;;;;;;;;;;;;;;;;;;;0.0;0.0;0.0;;;;;;;;;0.0;1.0;1.0;1.0;0.0;3.0
М211БЭКСТ054;А;0.0;;;;;;0.0;;;;;;;;;;;;;;0.0;;;;;;;;;;;;;;0.0;;;;;;;;;;;;;;0.0;;;;;;;;;;;;;;0.0;;;;;;;;;;;;;;0.0;;;;;;;;;;;;;;0.0;;;;;;;;;;;;;;;;;;;;;;;;;;;;0.0;0.0;0.0;;;;;;;;;0.0;0.0;0.0;0.0;0.0;0.0
М211БЭКСТ055;А;1.0;;;;;;0.0;;;;;;;;;;;;;;0.0;;;;;;;;;;;;;;0.0;;;;;;;;;;;;;;0.0;;;;;;;;;;;;;;0.0;0.0;;;;;;;;;;;;;1.0;1.0;;;;;;;;;;;;;1.0;1.0;;;;;;;;;;;;;;;;;;;;;;;;;;;1.0;1.0;1.0;;;;;;;;;2.0;1.0;0.0;1.0;2.0;4.0
М211БЭКСТ058;А;1.0;;;;;;0.0;;;;;;;;;;;;;;0.0;;;;;;;;;;;;;;0.0;;;;;;;;;;;;;;0.0;;;;;;;;;;;;;;0.0;;;;;;;;;;;;;;0.0;;;;;;;;;;;;;;0.0;;;;;;;;;;;;;;;;;;;;;;;;;;;;1.0;1.0;1.0;;;;;;;;;1.0;1.0;0.0;0.0;2.0;3.0
М211БЭКСТ063;А;1.0;;;;;;0.0;;;;;;;;;;;;;;0.0;;;;;;;;;;;;;;0.0;;;;;;;;;;;;;;0.0;;;;;;;;;;;;;;1.0;;;;;;;;;;;;;;1.0;;;;;;;;;;;;;;1.0;;;;;;;;;;;;;;;;;;;;;;;;;;;;1.0;0.0;0.0;;;;;;;;;1.0;1.0;0.0;0.0;0.0;1.0
М211БЭКСТ066;А;1.0;;;;;;0.0;;;;;;;;;;;;;;0.0;;;;;;;;;;;;;;0.0;;;;;;;;;;;;;;0.0;;;;;;;;;;;;;;1.0;;;;;;;;;;;;;;1.0;;;;;;;;;;;;;;1.0;;;;;;;;;;;;;;;;;;;;;;;;;;;;1.0;1.0;1.0;;;;;;;;;1.0;1.0;0.0;0.0;2.0;3.0
М211БЭКСТ067;А;1.0;;;;;;0.0;;;;;;;;;;;;;;0.0;;;;;;;;;;;;;;0.0;;;;;;;;;;;;;;0.0;;;;;;;;;;;;;;0.0;;;;;;;;;;;;;;1.0;;;;;;;;;;;;;;1.0;;;;;;;;;;;;;;;;;;;;;;;;;;;;0.0;0.0;0.0;;;;;;;;;1.0;1.0;0.0;0.0;0.0;1.0
М211БЭКСТ074;А;1.0;1.0;;;;;1.0;;;;;;;;;;;;;;2.0;;;;;;;;;;;;;;2.0;;;;;;;;;;;;;;1.0;;;;;;;;;;;;;;0.0;0.0;;;;;;;;;;;;;1.0;1.0;;;;;;;;;;;;;1.0;1.0;;;;;;;;;;;;;;;;;;;;;;;;;;;0.0;0.0;0.0;;;;;;;;;1.0;2.0;1.0;1.0;0.0;4.0
М211БЭКСТ080;А;0.0;;;;;;0.0;;;;;;;;;;;;;;0.0;;;;;;;;;;;;;;0.0;;;;;;;;;;;;;;0.0;;;;;;;;;;;;;;0.0;;;;;;;;;;;;;;0.0;;;;;;;;;;;;;;0.0;;;;;;;;;;;;;;;;;;;;;;;;;;;;1.0;1.0;1.0;;;;;;;;;;0.0;0.0;0.0;2.0;2.0
М211БЭКСТ081;А;1.0;;;;;;1.0;1.0;1.0;;;;;;;;;;;;2.0;0.0;2.0;;;;;;;;;;;;2.0;0.0;2.0;;;;;;;;;;;;1.0;1.0;1.0;;;;;;;;;;;;0.0;0.0;0.0;;;;;;;;;;;;1.0;1.0;1.0;;;;;;;;;;;;1.0;1.0;1.0;;;;;;;;;;;;;;;;;;;;;;;;;;1.0;1.0;1.0;1.0;;2.0;;2.0;;1.0;;3.0;1.0;1.0;1.0;2.0;5.0
М211БЭКСТ090;А;0.0;;;;;;0.0;;;;;;;;;;;;;;0.0;;;;;;;;;;;;;;0.0;;;;;;;;;;;;;;0.0;;;;;;;;;;;;;;0.0;;;;;;;;;;;;;;0.0;;;;;;;;;;;;;;0.0;;;;;;;;;;;;;;;;;;;;;;;;;;;;0.0;0.0;0.0;;;;;;;;;0.0;0.0;0.0;0.0;0.0;0.0
М211БЭКСТ101;А;1.0;;;;;;1.0;1.0;;;;;;;;;;;;;0.0;1.0;;;;;;;;;;;;;0.0;0.0;;;;;;;;;;;;;1.0;1.0;;;;;;;;;;;;;0.0;0.0;;;;;;;;;;;;;1.0;1.0;;;;;;;;;;;;;1.0;1.0;;;;;;;;;;;;;;;;;;;;;;;;;;;1.0;1.0;1.0;;;;;;;;;2.0;1.0;1.0;1.0;2.0;5.0
М211БЭКСТ104;А;0.0;;;;;;0.0;;;;;;;;;;;;;;0.0;;;;;;;;;;;;;;0.0;;;;;;;;;;;;;;0.0;;;;;;;;;;;;;;0.0;;;;;;;;;;;;;;0.0;;;;;;;;;;;;;;0.0;;;;;;;;;;;;;;;;;;;;;;;;;;;;0.0;0.0;0.0;;;;;;;;;0.0;0.0;0.0;0.0;0.0;0.0
М211БЭКСТ107;А;1.0;;;;;;0.0;1.0;;;;;;;;;;;;;0.0;2.0;;;;;;;;;;;;;0.0;;;;;;;;;;;;;;0.0;1.0;;;;;;;;;;;;;1.0;0.0;;;;;;;;;;;;;1.0;1.0;;;;;;;;;;;;;1.0;1.0;;;;;;;;;;;;;;;;;;;;;;;;;;;1.0;0.0;1.0;;;;;;;;;2.0;1.0;1.0;2.0;0.0;4.0
М211БЭКСТ109;А;1.0;;;;;;1.0;;;;;;;;;;;;;;1.0;;;;;;;;;;;;;;;;;;;;;;;;;;;;1.0;;;;;;;;;;;;;;0.0;;;;;;;;;;;;;;0.0;;;;;;;;;;;;;;0.0;;;;;;;;;;;;;;;;;;;;;;;;;;;;1.0;1.0;1.0;;;;;;;;;1.0;1.0;1.0;1.0;2.0;5.0
М211БЭКСТ112;А;0.0;;;;;;0.0;0.0;0.0;;;;;;;;;;;;0.0;0.0;0.0;;;;;;;;;;;;0.0;0.0;0.0;;;;;;;;;;;;0.0;0.0;0.0;;;;;;;;;;;;1.0;1.0;1.0;;;;;;;;;;;;1.0;1.0;1.0;;;;;;;;;;;;1.0;1.0;1.0;;;;;;;;;;;;;;;;;;;;;;;;;;1.0;1.0;1.0;;;;;;;;;2.0;0.0;0.0;2.0;2.0;4.0
М211БЭКСТ116;А;0.0;;;;;;0.0;0.0;;;;;;;;;;;;;0.0;0.0;;;;;;;;;;;;;0.0;0.0;;;;;;;;;;;;;0.0;0.0;;;;;;;;;;;;;1.0;1.0;;;;;;;;;;;;;1.0;1.0;;;;;;;;;;;;;1.0;1.0;;;;;;;;;;;;;;;;;;;;;;;;;;;1.0;1.0;1.0;;;;;;;;;2.0;0.0;0.0;2.0;2.0;4.0
М211БЭКСТ118;А;1.0;;;;;;0.0;;;;;;;;;;;;;;0.0;;;;;;;;;;;;;;0.0;;;;;;;;;;;;;;0.0;;;;;;;;;;;;;;0.0;0.0;;;;;;;;;;;;;1.0;0.0;;;;;;;;;;;;;1.0;0.0;;;;;;;;;;;;;;;;;;;;;;;;;;;1.0;1.0;1.0;;;;;;;;;1.0;1.0;0.0;0.0;2.0;3.0
М211БЭКСТ119;А;1.0;1.0;;;;;0.0;0.0;;;;;;;;;;;;;0.0;0.0;;;;;;;;;;;;;0.0;0.0;;;;;;;;;;;;;0.0;0.0;;;;;;;;;;;;;1.0;0.0;;;;;;;;;;;;;1.0;1.0;;;;;;;;;;;;;1.0;1.0;;;;;;;;;;;;;;;;;;;;;;;;;;;1.0;1.0;1.0;1.0;;2.0;;2.0;;1.0;;2.0;2.0;0.0;2.0;2.0;6.0
М211БЭКСТ121;А;1.0;1.0;;;;;1.0;0.0;;;;;;;;;;;;;2.0;0.0;;;;;;;;;;;;;;0.0;;;;;;;;;;;;;1.0;0.0;;;;;;;;;;;;;0.0;0.0;;;;;;;;;;;;;1.0;1.0;;;;;;;;;;;;;1.0;1.0;;;;;;;;;;;;;;;;;;;;;;;;;;;1.0;1.0;0.0;;;;;;;;;2.0;2.0;1.0;1.0;0.0;4.0
М211БЭКСТ128;А;1.0;;;;;;1.0;1.0;1.0;;;;;;;;;;;;1.0;2.0;1.0;;;;;;;;;;;;1.0;2.0;1.0;;;;;;;;;;;;1.0;1.0;1.0;;;;;;;;;;;;0.0;1.0;1.0;;;;;;;;;;;;0.0;1.0;1.0;;;;;;;;;;;;0.0;1.0;1.0;;;;;;;;;;;;;;;;;;;;;;;;;;1.0;1.0;1.0;;;;;;;;;2.0;1.0;2.0;1.0;2.0;6.0
